"","name","author","create_time","introduction","play_count","collect_count","share_count","comment_count","topics","fans","grade","playlists","length_name","english_name","name_language","name_style","name_scene","name_instruments","name_feeling","name_praise","name_location","name_古风","name_BGM","name_经典","name_爵士","name_世界","name_精选","name_节奏","name_女声","name_欧美","name_粤语","name_民谣","name_东方","name_amp","name_中国","name_那些","length_intro","intro_歌单","intro_音乐","intro_歌曲","intro_喜欢","intro_封面","intro_专辑","intro_歌手","intro_风格","intro_quot","intro_amp","intro_更新","intro_旋律","intro_收录","intro_节奏","intro_好听","intro_电音","欧美","流行","华语","电子","ACG","日语","古风","轻音乐","经典","器乐","治愈","兴奋","游戏","独立","另类","影视原声","民族","怀旧","粤语","摇滚","number_songs","number_hot_singers","talent","verification","musician","无","达人","认证","音乐人","log_play_count","cluster"
"1","“对不起，我是活在二次元的女孩……”","我眼睛会发光i",1455494400,"<b>介绍：</b>『ACG女毒精选』世上最远的距离，无非是我对着屏幕上的你伸出手，你却强忍着哭泣说：“对不起，我是活在二次元的女孩……”<br>在每个喜欢着二次元的人心中，都有着那份属于自己来自二次元的感动吧<br>",5244,145,13,7,"[""日语"",""ACG"",""治愈""]",10674,9,34,18,"否","否","否","否","否","否","否","否","否","否","否","否","否","否","否","否","否","否","否","否","否","否","否",109,"否","否","否","是","否","否","否","否","否","否","否","否","否","否","否","否","否","否","否","否","是","是","否","否","否","否","是","否","否","否","否","否","否","否","否","否",90,5,"是","否","否","否","是","否","否",8.56483984488359,3
"2","「街角麻婆豆 グレイテスト ヒッツ」","开口言是非秋风吹唇寒",1490486400,"<b>介绍：</b>街角麻婆豆 最终作！<br>精选集<br>「街角麻婆豆 グレイテスト ヒッツ」！<br>收录了社团 街角麻婆豆 2008年-2015年 精选的60首乐曲的珠玉之Best集<br>古典/各类交响乐/民族/近代流行/现代流行/音乐剧……<br>学院派出身的具有相当音乐素养的专业人士们，究竟在这七年创作出了怎样的东方同人音乐作品<br>或许只有真的细心去欣赏，才能得到属于自己的答案<br>无论是否是音乐相关方面的专业人士<br>街角麻婆豆的作品的魅力都丝毫不会因此而减少<br>彼岸花に愛を込めて、Silence、石焼芋（室内楽版）、今昔幻想郷（室内楽版）、今昔幻想郷（フルート版）、空焦がるる輪舞曲暂缺。<br>",805,99,22,4,"[""轻音乐"",""古典"",""ACG""]",149,9,37,18,"否","否","否","否","否","否","否","否","否","否","否","否","否","否","否","否","否","否","否","否","否","否","否",316,"否","是","否","否","否","否","否","否","否","否","否","否","是","否","否","否","否","否","否","否","是","否","否","是","否","否","否","否","否","否","否","否","否","否","否","否",54,0,"否","否","否","是","否","否","否",6.69084227741856,3
"3","「明朝大學士之死」","中極殿大學士",1485734400,"<b>介绍：</b>始於嘉靖二十六年，死於心碎 從「殺人事件」到「殺人事件」<br>",17983,374,17,55,"[""日语"",""夜晚"",""兴奋""]",13260,10,18,9,"否","否","否","否","否","否","否","否","否","否","否","否","否","否","否","否","否","否","否","否","否","否","否",42,"否","否","否","否","否","否","否","否","否","否","否","否","否","否","否","否","否","否","否","否","否","是","否","否","否","否","否","是","否","否","否","否","否","否","否","否",22,2,"否","否","否","是","否","否","否",9.7971821461652,3
"4","「男兒到死心如鐵」","中極殿大學士",1425945600,"<b>介绍：</b>問渠儂 神州畢竟 幾番離合 汗血鹽車無人顧 千里空收駿骨 正目斷關河路絕 我最憐君中宵舞 道 男兒到死心如鐵 看試手 補天裂<br>",8527,107,2,14,"[""欧美"",""电子"",""兴奋""]",13260,10,18,9,"否","否","否","否","否","否","否","否","否","否","否","否","否","否","否","否","否","否","否","否","否","否","否",76,"否","否","否","否","否","否","否","否","否","否","否","否","否","否","否","否","是","否","否","是","否","否","否","否","否","否","否","是","否","否","否","否","否","否","否","否",18,5,"否","否","否","是","否","否","否",9.05099287874205,3
"5","「清新小调」从你歌声里我听到了故事","JonathanHyden",1453852800,"<b>介绍：</b>聚散离合是人生的规律，不必在意，何须伤悲。因为痛，我们选择隐藏；因为还有梦，我们选择坚强。想要的，和能得到的，总是相距甚远。有些人注定是拿来错过的。而有些人，连错过都算不上，只是路过。所有的忧伤都是过往，当时间慢慢沉淀，你会发现自己的快乐比想象的多得多。<br>",13976,522,21,13,"[""欧美"",""清新"",""放松""]",23200,9,41,17,"否","否","否","否","否","是","否","否","否","否","否","否","否","否","否","否","否","否","否","否","否","否","否",141,"否","否","否","否","否","否","否","否","否","否","否","否","否","否","否","否","是","否","否","否","否","否","否","否","否","否","否","否","否","否","否","否","否","否","否","否",20,0,"是","否","否","否","是","否","否",9.54509685181389,3
"6","「日系、治愈」アサヒ(Asahi)编曲精选","8酱TvT",1495843200,"<b>介绍：</b>本单选收了アサヒ(Asahi)的作品，Vocal绝大部分由emaru担当。<br>曲风相当治(古)愈(怪)温暖人心~<br>风格：J-Pop、其他电子<br>·<br>アサヒ擅长取材于现实的声音，用独特的演算法作曲和音频讯号处理营造出画面感极强的歌曲。<br>同时是个小说家，很讲究歌词音韵。<br>每首歌，相当于讲述了一个故事。<br>出没于Halozy、DiGiTAL WiNG这两个东方同音社团。<br>有自己一个名为macaroom的团。<br>作词作曲担当。<br><br>emaru是macaroom团的主唱，斯洛维尼亚出身。<br>有着软萌细腻的声线，很适合搭配アサヒ清新治(致)愈(郁)的曲子。<br>·<br>歌如何，听几首就知道了。个人早些时候听emaru的歌就感觉很宁静，但是却没怎么关注编曲的人。这几天找资料收集emaru的歌发现编曲作词绝大部分都是アサヒ，很意外也很惊喜。这也就意味着曲风比较统一，不会有太大变动。<br>于是就变成收集アサヒ所作的歌了233<br><br>适用时期：心情焦虑、低落时<br>播放模式：顺序随机皆可<br>PS：睡眠听奇效，放松心情<br>封面id：15558347（图已删除）<br>",914,31,3,8,"[""日语"",""电子"",""治愈""]",1330,9,47,21,"是","否","否","否","否","是","是","否","否","否","否","否","否","是","否","否","否","否","否","否","否","否","否",532,"否","否","是","否","是","否","否","是","否","否","否","否","否","否","否","否","否","否","否","是","否","是","否","否","否","否","是","否","否","否","否","否","否","否","否","否",33,0,"否","否","否","是","否","否","否",6.81783057145415,3
"7","「日系/治愈」愿你被这世界温柔以待","千雪酱-喵喵喵makimakima希希希-",1463011200,"<b>介绍：</b>做一个温柔的人吧，温柔地看待这个世界。如果曾被温柔的人那样对待，深深了解那种被温柔相待的感觉，那请把这份心情传达出去吧。但愿你的眼睛里就不再含有泪水；但愿你的眼睛里只看得到笑容。愿你被这世界温柔以待。<br>",225,21,1,0,"[""日语"",""治愈"",""ACG""]",483,8,149,17,"否","否","否","否","否","是","否","是","否","否","否","否","是","否","否","否","否","否","否","否","否","否","否",114,"否","否","否","否","否","否","否","否","否","否","否","否","否","否","否","否","否","否","否","否","是","是","否","否","否","否","是","否","否","否","否","否","否","否","否","否",205,8,"否","否","否","是","否","否","否",5.41610040220442,3
"8","「悠然小天背景音乐」MAX修订版(看介绍)","THXuan",1476316800,"<b>介绍：</b>持续更新ing（详情看评论，不懂再在评论（外加一句，真的真的看评论!!））伴奏已经在我的【悠然小天背景音乐】电台上线啦，大家可以去收听哦，还有普通disco洛天依版的伴奏，林海的欢沁哦(′-ω-`)【如何到达我的电台：点击我的头像，进去后就能看到我的「悠然小天背景音乐」电台啦】<br>电台链接：分享主播电台#「悠然小天背景音乐」#:?http://music.163.com/radio?id=349657419&amp;userid=345660222?(来自@网易云音乐)<br>歌单里还包含一些天哥直播用过的<br>",12321,308,18,96,"[""游戏"",""放松"",""流行""]",70,7,6,21,"是","否","是","否","否","否","否","否","否","否","否","否","否","否","否","否","否","否","否","否","否","否","否",272,"是","是","否","否","否","否","否","否","否","是","是","否","否","否","否","否","否","是","否","否","否","否","否","否","否","否","否","否","是","否","否","否","否","否","否","否",91,19,"否","否","否","是","否","否","否",9.41906040262467,3
"9","『电音』卢西奥级的极品电音 (?&gt;ω&lt;*?)","织云阳雪躔",1471824000,"<b>介绍：</b>在下收藏的十分不错的电音，内含各种曲风，不定期更新，欢迎收听~\(≧▽≦)/~<br><br>（前四首是为了贴题，所有的更新都会从第五首开始排序，前四首就永远不动了，前四首当然也很好听。其他曲排序的顺序不是按照好听的顺序来的，而是时间顺序～)<br>",1258,14,1,8,"[""电子"",""兴奋""]",27,7,306,28,"是","否","否","否","否","否","是","否","否","否","否","否","否","否","否","否","否","否","否","否","否","否","否",135,"否","否","否","否","否","否","否","否","否","否","是","否","否","否","是","是","否","否","否","是","否","否","否","否","否","否","否","是","否","否","否","否","否","否","否","否",190,21,"否","否","否","是","否","否","否",7.13727843726039,3
"10","『东方project·氛围纯音』禊川幽鸣","藤原居",1458432000,"<b>介绍：</b>☆东方project系列空灵纯音精选☆<br><br>◎封面pixiv id:50367860<br><br>禊川（みそぎがわ）:用来举行净身、除秽等神事的河川。<br>以其为庄重之地，一切灾厄与污秽都将被濯洗，沉降，长逝川底。<br><br>希望禊川能带走你终日繁杂的思绪。<br><br>标题灵感来源：东方文花帖DS | 键山雏符卡：厄野「禊川の堆積」<br><br>1~12：兴奋与悸动参半，抬眼就是开阔到令人颤栗的天空。头顶阴翳吐露着雾气，川流呈现骇人的煞白色，但如此压抑阴冷的场景，竟让我感觉飘然如仙。<br>一种豁然释放、身体轻如绸缎的升华感，携带滔浪般的幻觉袭卷而来。<br>13~28：曾经想象过幽静最极致的表达。世外桃源，人间楼宇的最高层，最接近天穹的地带，以禊川之景可以完美套用。<br>只是这静谧中，有什么气质怪异的事物在暗处蛰伏着。随料峭之意的警醒，一股寒意渐渐爬上脊骨。<br>29~42：水流声在幽寂中被放大，伴随叶群微鸣与聒噪的蚊虫声摩挲相汇而窸窣一片。和谐的交汇中，唯独一串不合时宜的脚步声显得刺耳无比。<br>我尽力放轻步伐，但这无法消除的噪音只让我感到焦灼与嫌恶。<br>43~56：在沿畔行走了一段时间，我开始百无聊赖地捕捉到脑内回响的画外音。<br>——古乐器的弹拨意外适合描画这片秘境。<br>也许在遥远的古代，已经有修禊祭典在此留下印记，它们能恰如其分地烘托住乐器古朴悠长的音色。<br>57~65：远远看见有一些人偶模样的东西沿水流飘来。它们的绒毛有些破碎，但又由于水汽的浸润粘合在一起，头上扎着精致的缎带。细微的水花沿游动轨迹溅出，音色清冽澄澈。<br>跟着它们走，应该没错了。<br>66~77：果不其然，到这段距离时，它们像是被水底的什么东西吸附一般，身体渐渐深入水中，直到水流没过鲜亮的衣饰。<br>恐惧与怀疑一起漫上心头，这驱使我扒开草丛往水中跳去。<br>——人偶早已消失不见。而在岸上毫无察觉的，双脚下污浊的黑色物质不断地沉积、回旋，川底被漆黑浸染得像一个无底深渊，似乎下一刻就要将我吸入漩涡中。<br>一刹那，我只感到眼前天旋地转，一切情绪冲击着大脑。透过水光，仿佛看到自己狰狞扭曲的五官。<br>78~84：一股酸涩的液体涌上喉咙，身体反条件抽搐着呛出一口川水——自己已经回到了岸上。只记得晕眩前，恍惚中透过蔚蓝色看见一个身影。而现在身心说不出的舒畅，就像五脏六腑都被洗涤过一般。<br>这双历经污浊之目，透过被雾气侵蚀的景物，映照出一片死寂。<br>我扒开岸边稀疏的荆棘，再也没有回头。<br>",2056,74,20,8,"[""ACG"",""轻音乐"",""放松""]",900,10,47,20,"是","否","是","否","否","否","否","是","否","否","否","否","否","否","否","否","否","否","否","是","否","否","否",1090,"否","否","否","否","是","否","否","否","否","否","否","否","否","否","否","否","否","否","否","否","是","否","否","是","否","否","否","否","否","否","否","否","否","否","否","否",84,3,"否","否","否","是","否","否","否",7.62851762657506,3
"11","『盾铁』B站剪刀手BGM","盾铁甜出糖尿病",1461196800,"<b>介绍：</b>B站盾铁BGM收集工程<br>努力投币！努力施工！<br>",4244,186,5,45,"[""欧美""]",50,7,13,12,"是","否","是","否","否","否","否","否","否","是","否","否","否","否","否","否","否","否","否","否","否","否","否",39,"否","否","否","否","否","否","否","否","否","否","否","否","否","否","否","否","是","否","否","否","否","否","否","否","否","否","否","否","否","否","否","否","否","否","否","否",602,182,"否","否","否","是","否","否","否",8.35326149973387,3
"12","『耳机福利』左耳右耳已跪","傲娇的兵长-",1446940800,"[无简介]",5181,132,5,4,"[""流行"",""电子"",""ACG""]",1,7,6,12,"否","否","否","否","否","否","否","否","否","否","否","否","否","否","否","否","否","否","否","否","否","否","否",0,"否","否","否","否","否","否","否","否","否","否","否","否","否","否","否","否","否","是","否","是","是","否","否","否","否","否","否","否","否","否","否","否","否","否","否","否",87,9,"否","否","否","是","否","否","否",8.55275336681479,3
"13","『日系』☆毕业季★献给所有为理想奋斗的人","正六边形的雪花",1433203200,"<b>介绍：</b>结束并不单单只代表着结束，它同时也代表着新的起点；以前的种种成功、失败都已经过去了；从现在开始就是一个的人生；现在我们可以抛弃过去，重新开始。——献给奋斗者的歌<br>",18281,546,10,19,"[""日语"",""校园"",""ACG""]",4277,8,74,20,"否","否","否","否","否","否","否","否","否","否","否","否","否","否","否","否","否","否","否","否","否","否","否",94,"否","否","否","否","否","否","否","否","否","否","否","否","否","否","否","否","否","否","否","否","是","是","否","否","否","否","否","否","否","否","否","否","否","否","否","否",20,0,"是","否","否","否","是","否","否",9.81361754810709,3
"14","『日音』轻快节奏 清新民谣风","我眼睛会发光i",1464134400,"<b>介绍：</b>?不用炫技 不用高音 不用华丽的配乐 好的词曲平凡真诚的声音 一样可以唱到人心里去！这就是民谣的魅力——清新又易令人着迷的日系民谣风歌曲<br><br>推荐的民谣风格组合和个人歌手<br><br>1.ハンバート ハンバート（ハンバート ハンバート）<br>是日本男女双人组民谣团体，成立于1998年。佐藤良成,出生于神奈川县，擅长声乐、吉他、小提琴、曼陀林、作词、作曲。1998年与妻子佐野游穂组成二人民谣组合humbert humbert，佐野游穂在组合中负责声乐、口琴、锡哨笛、作词。（1~6）<br><br>2.羊毛和花（羊毛とおはな）<br>”是一支日系独立Acoustic男女二人组，小清新的风格，有浓重的欧式淡雅风味。 “羊毛和花”主要的音乐风格为日式乡村，其音乐作品基本全部以“羊毛”的吉他为Inst主线，“花”淳厚的声线，伴以特色鲜明的卷舌音，更是“羊毛和花”音乐的魅力所在。“羊毛”的，“花”的吟唱自在、随意，两者完美结合，酝生出满溢阳光味道的音乐。踱步时的随意哼唱，犹如阳光午后的一缕暖风。（2~12）<br><br>3.canappeco（小草帽）<br>乐团已经解散。他们一共发布了两张专辑，曲风都是那种云淡风轻的acoustic和folk，两人细细的唱着自己的小幸福（13~18）<br><br>4.PoPoyans<br>日本女子歌唱组合，曲风清新而温暖。两个清新可爱女生的浅吟轻唱， 如轻风拂过耳畔， 清新恬淡， 甜甜的小曲儿， 一个闲散的假日， 快乐， 俯拾即是。（19~24）<br><br>5.伊藤静（伊藤サチコ）<br>日本女性声优、歌手。知名艺人事务所贤production的代表声优之一。主要活跃于动画和游戏作品中。（25~30）<br><br>6.イノトモ(inotomo)<br>一个福冈出身的女孩 以独特的声线加上抒情慢曲把听者带到自己的音乐世界，描写自己的世界观和人生观（31~36）<br><br>7.森慧<br>这个歌手貌似不是特别出名 到处都找不到简介不过喜欢就够了 不是吗？（37~42）<br><br>8.つじあやの<br>辻亚弥乃一首接一首的唱着恋曲，带给听者以温柔的印象，但生活当中的她其实是一个充满干劲的活泼女孩。除了谱曲与作词，她还是一名弹奏ukulele的能手，在2008年甚至举行过名为“尤克里里教室”的巡回活动，为歌迷手把手教授ukulele。从2000年开始，以每年一张的速度推出专辑，始终获得极高评价。（43~48）<br><br>封面PID:57641186<br>",19474,663,24,17,"[""日语"",""清新"",""民谣""]",10674,9,34,14,"否","否","是","否","否","是","否","否","否","否","否","否","否","否","是","否","否","否","是","否","否","否","否",1083,"否","是","是","是","是","是","是","是","否","否","否","否","否","否","否","否","否","否","否","否","否","是","否","否","否","否","否","否","否","否","否","否","否","否","否","否",44,0,"是","否","否","否","是","否","否",9.8768355215387,3
"15","『梶浦由记』深入灵魂的配乐师","Oktavia_w",1438905600,"<b>介绍：</b>本单主题：梶浦由记<br>本单风格：纯音乐/圣咏/欧式<br>真心希望大家用心去听w<br>~~~~~~~~~~~~~~~~~~~~~~~~~~~<br>一部动漫，加上合适的配乐，往往能起到极好的烘托情感与气氛的效果，令人眼前一亮。<br><br>日本有很多炒鸡棒的配乐师，久石让、管野洋子、泽野弘之、和田熏……数不胜数，佳作遍地有，不得不说日本虽然国土不大，但算得上是音乐大国。<br><br>我最爱梶浦由记，她不是科班出身，但她的作品中有一种灵气，欧式的圣咏与器乐结合，声部交织，那真是触及灵魂的音乐。<br><br>《空之境界》的配乐算是梶浦由记的巅峰之作，BGM配上画面简直帅炸！每一首配乐都可单曲循环，op更不用说啦~小圆，舞hime,首首都是精品。<br><br>梶浦很擅长组织声部，不论是人声还是器乐，可以兼具华丽与朴实。她的风格如此独特且如一，有人因此而批评她过于风格化，太过单一。我觉得无所谓，强行转变她的个人风格不一定是好事，若想多元化，不如去听管野洋子（另一个令人惊喜不断的配乐师，我可能也会为她做一单w）的配乐了。<br><br>太爱梶浦由记，想说的实在太多，多言无益，大家先听为快吧。<br><br>P.S. 选曲真是令人头疼，每一首都是极喜欢的，割肉一样地选出了这30首曲子，真的很希望大家用心去听。<br>",3140,68,12,4,"[""ACG"",""伤感"",""日语""]",27,8,57,14,"否","否","否","否","否","否","否","否","否","否","否","否","否","否","否","否","否","否","否","否","否","否","否",578,"否","是","否","是","否","否","否","是","否","否","否","否","否","否","否","否","否","否","否","否","是","是","否","否","否","否","否","否","否","否","否","否","否","否","否","否",30,0,"否","否","否","是","否","否","否",8.0519780789023,3
"16","『? ισv? γσυ ? 谜情』","-飞鳥屿魚_",1468195200,"<b>介绍：</b>仲夏午夜<br>",10906,118,1,5,"[""浪漫"",""夜晚"",""性感""]",406,10,28,17,"是","否","否","否","否","否","否","否","否","否","否","否","否","否","否","否","否","否","否","否","否","否","否",18,"否","否","否","否","否","否","否","否","否","否","否","否","否","否","否","否","否","否","否","否","否","否","否","否","否","否","否","否","否","否","否","否","否","否","否","否",599,15,"否","否","否","是","否","否","否",9.29706837548601,3
"17","『RDJ』B站个人向BGM","盾铁甜出糖尿病",1461888000,"<b>介绍：</b>【高三闭关 暂停更新??(?′Д｀?)??】<br>B站RDJ个人向、钢铁侠个人向、水仙etc. BGM收集工程<br><br>",1170,62,1,6,"[""欧美""]",50,7,13,13,"是","否","是","否","否","否","否","否","否","是","否","否","否","否","否","否","否","否","否","否","否","否","否",74,"否","否","否","否","否","否","否","否","否","否","是","否","否","否","否","否","是","否","否","否","否","否","否","否","否","否","否","否","否","否","否","否","否","否","否","否",153,40,"否","否","否","是","否","否","否",7.0647590277918,3
"18","【 Kenny G 为著名歌手伴奏演唱金曲汇辑】","幻Olina",1482105600,"<b>介绍：</b>Kenny G（肯尼-基）1956年6月5日出生于美国西雅图，是全球最著名的高音萨克斯演奏家，专辑累计销量冲破7500万张，称霸世界。是当代最畅销爵士乐乐手。肯尼基非凡的才华赢得了格莱美奖、全美音乐奖、灵魂列车奖、世界音乐奖。<br><br>本辑收集了 Kenny G（肯尼-基）为世界著名歌手伴奏演唱的经典单曲汇总。<br>",569,39,5,2,"[""感动"",""经典"",""浪漫""]",3271,8,734,24,"是","否","是","否","否","否","否","否","否","否","否","否","否","否","否","否","否","否","否","否","否","否","否",173,"否","是","否","否","否","是","是","否","否","否","否","否","否","否","否","否","否","否","否","否","否","否","否","否","是","否","否","否","否","否","否","否","否","否","否","否",67,0,"是","否","否","否","是","否","否",6.34388043412633,3
"19","【爱我的灵魂 ~ 唯美吟唱】弛放 New Age","幻Olina",1482278400,"<b>介绍：</b>爱我的灵魂 ~ 今生之爱，让灵魂融为一体<br><br>面对相思的月光，写下满页的诗章。<br>岁月踏着记忆的吟颂，携着被影子吞噬的光芒，浸染了沧桑的城市风景...... <br><br>曾几何时，不论季节怎样更迭，那川流不息，茫茫的人海之中，总能一眼寻找到，灵魂的唯一，与你相逢。<br><br>不问轮回几次花落，绕指的情思起起又落落，祈祷的诗词，一场浪漫花事，延续千百年来未了的，未终的情，不曾散场，不曾遗忘。依着相逢的葱绿，一站一站的走下去，纵然苍颜白发，也会风雨无惧地，收起秋水天长的依旧。<br><br>岁月漫长 -------<br><br>你念，或者不念我，情就在那里，不来不去。 你爱，或者不爱我，爱就在那里，不增不减。 你跟，或者不跟我，我就在那里 ，不悲不喜.，默然 相爱，寂静 欢喜.......<br>",2052,55,33,5,"[""世界音乐"",""New Age"",""经典""]",3271,8,734,24,"是","否","否","否","否","是","否","否","否","否","否","否","否","否","否","否","否","否","否","否","否","否","否",373,"否","否","否","否","否","否","否","否","否","否","否","否","否","否","否","否","否","否","否","否","否","否","否","否","是","否","否","否","否","否","否","否","否","否","否","否",56,1,"是","否","否","否","是","否","否",7.62657020629066,3
"20","【波普爵士】萨克斯?DexterGordon","双鱼脆脆",1472169600,"<b>介绍：</b>萨克斯风手 Dexter Gordon 纵横爵士乐坛超过半个世纪之久，即使不提他的音乐，传奇故事也足以令乐迷回味<br><br>Gordon 40年代出道，亮眼的外型与精采的Bebop演奏技巧让他迅速窜红，是当时纽约爵士夜店里常举办的音乐擂台上的常胜军，必杀绝招「乾坤大挪移」，就是在即兴演奏之外，常常吹到兴起便把其他经典乐曲里的句子挪来使用。<br><br>专辑《Go!》：是戈登自己最钟意的录音，也是爵士史上萨克斯风最美丽音符的集合之一。因本身顽固的个性，以及酗酒、咳药因素远赴欧洲一段时间的戈登，再次回到纽约，录下这张绝美录音。坚持Bebop风格的戈登在这张录音放慢速度，同时吹奏线条略显晕染，呈现他温柔叙事的功力。合作的是他熟悉的班底，彼此良好的默契没话说，整体节奏由戈登的中音萨克斯风带领，他的吹奏掌握乐曲的表情，加上其他乐手精采的绿叶表现，愉悦的爵士气氛薰染耳膜。<br><br>专辑《Dexter Calling》：是摇摆爵士与硬式咆勃爵士的完美融合。开场曲&quot;Soul Sister&quot;以华尔兹的3/4拍节奏进行，充满灵魂风味的华尔兹？！不过听起来就是动感且够味。接著则是正常版的硬式咆勃爵士，Gordon毫不费力地即兴吹出多数乐手望其项背的句子。直到&quot;Ernie’s Tune&quot;，Gordon开始以叙事曲的态度展现他内心戏功力。第七轨则是默剧泰斗卓别林的经典名曲&quot;Smile&quot;，昔日Jam Session擂台上无敌手的功力在此尽展。整张专辑的高潮所在，则是最后一轨Gordon向另一位萨克斯风手Harold Land致敬的作品&quot;Landslide&quot;，乐手间流畅俐落的合作，高低起伏的情绪，诚属佳作。整张专辑呈现出的风格就是绝大多数听众对爵士乐的基本想像，有慵懒，有创意。<br>",1451,47,1,1,"[""爵士""]",7401,9,146,22,"是","否","否","否","是","否","否","否","否","否","否","是","否","否","否","否","否","否","否","否","否","否","否",796,"否","是","否","否","否","是","否","是","是","否","否","否","否","是","否","否","否","否","否","否","否","否","否","否","否","否","否","否","否","否","否","否","否","否","否","否",23,0,"是","否","否","否","是","否","否",7.28000825288419,3
"21","【车载音乐】公路旅程","时间某处",1395532800,"<b>介绍：</b>Smooth Jazz 音乐集<br>",8182,163,5,4,"[""爵士"",""驾车"",""旅行""]",18754,9,168,10,"否","否","否","是","否","否","否","否","否","否","否","否","否","否","否","否","否","否","否","否","否","否","否",29,"否","是","否","否","否","否","否","否","否","否","否","否","否","否","否","否","否","否","否","否","否","否","否","否","否","否","否","否","否","否","否","否","否","否","否","否",32,0,"是","否","否","否","是","否","否",9.00969189848934,3
"22","【车载音乐】瞬间看地球","时间某处",1395532800,"<b>介绍：</b>New Age 音乐集<br>",2638,65,4,4,"[""New Age"",""驾车""]",18754,9,168,11,"否","否","否","是","否","否","否","否","否","否","否","否","否","否","否","否","否","否","否","否","否","否","否",25,"否","是","否","否","否","否","否","否","否","否","否","否","否","否","否","否","否","否","否","否","否","否","否","否","否","否","否","否","否","否","否","否","否","否","否","否",21,1,"是","否","否","否","是","否","否",7.87777633327726,3
"23","【催泪向】哭腔泪奔 写作业时睡觉前慎听","画荒",1429920000,"<b>介绍：</b>希望喜欢~<br>",16786,457,3,25,"[""日语"",""ACG"",""伤感""]",10,9,13,19,"否","否","否","否","否","否","否","否","否","否","否","否","否","否","否","否","否","否","否","否","否","否","否",19,"否","否","否","是","否","否","否","否","否","否","否","否","否","否","否","否","否","否","否","否","是","是","否","否","否","否","否","否","否","否","否","否","否","否","否","否",59,1,"否","否","否","是","否","否","否",9.72830048464277,3
"24","【东方project】冷门良曲","古明地-恋",1459641600,"<b>介绍：</b>等收集到100首再分享<br>",700,43,2,1,"[""日语"",""ACG""]",1228,9,94,15,"是","否","否","否","否","否","否","是","否","否","否","否","否","否","否","否","否","否","否","是","否","否","否",25,"否","否","否","否","否","否","否","否","否","否","否","否","否","否","否","否","否","否","否","否","是","是","否","否","否","否","否","否","否","否","否","否","否","否","否","否",119,0,"否","否","否","是","否","否","否",6.5510803350434,3
"25","【二十四节气的人间四月天】华语辑","随风入梦",1457568000,"<b>介绍：</b>二十四节气的说明<br>立春：每年的2月4日或5日，谓春季开始之节气。<br>雨水：每年的2月19日或20日，此时冬去春来，气温开始回升，空气湿度不断增大。<br>惊蛰：每年的3月5日或6日，指的是冬天蛰伏土中的冬眠生物开始活动。惊蛰前后乍寒乍暖，气温和风的变化都较大。<br>春分：每年的3月20日或21日，阳光直照赤道，昼夜几乎等长。越冬作物将进入春季生长阶段。<br>清明：每年的4月4日或5日，气温回升，天气逐渐转暖。<br>谷雨：每年的4月20日或21日，雨水增多，利于谷类生长。<br>立夏：每年的5月5日或6日，万物生长，欣欣向荣。<br>小满：每年的5月21日或22日，麦类等夏熟作物此时颗粒开始饱满，但未成熟。<br>芒种：每年的6月5日或6日，此时太阳移至黄经75度。麦类等有芒作物已经成熟，可以收藏种子。<br>夏至：每年的6月21日或22日，日光直射北回归线，出现“日北至，日长至，日影短至”，故曰“夏至”。<br>小暑：每年的7月7日或8日，入暑，标志着大部分地区进入炎热季节。<br>大暑：每年的7月22日或23日，正值中伏前后。这一时期是一年中最炎热的时期，雨水偏多。<br>立秋：每年的8月7日或8日，草木开始结果，到了收获季节。<br>处暑：每年的8月23日或24日，“处”为结束的意思，至暑气即将结束，天气将变得凉爽了。正值秋收之际。<br>白露：每年的9月7日或8日，由于太阳直射点明显南移，各地气温下降很快，天气凉爽，晚上贴近地面的水气在草木上结成白色露珠，由此得名“白露”。<br>秋分：每年的9月23日或24日，日光直射点又回到赤道，形成昼夜等长。<br>寒露：每年的10月8日或9日。此时太阳直射点开始向南移动，北半球气温继续下降，天气更冷，露水有森森寒意，故名为“寒露风”。<br>霜降：每年的10月23日或24日，黄河流域初霜期在下旬，与“霜降”节令相吻合，霜对生长中的农作物危害很大。<br>立冬：每年的11月7日或8日，冬季开始<br>小雪：每年的11月22日或23日，北方冷空气势力增强，气温迅速下降，降水出现雪花，但此时为初雪阶段，雪量小，次数不多。<br>大雪：每年的12月7日或8日。此时太阳直射点快接近南回归线，北半球昼短夜长。<br>冬至：每年的12月22日或23日，此时太阳几乎直射南回归线，北半球则形成了日南至、日短至、日短至、日影长至，成为一年中白昼最短的一天。小寒：每年的1月5日或6日，此时气候开始寒冷。 <br>大寒：一年中最冷的时候。<br>2016年03月10日<br>",8520,410,103,66,"[""华语"",""民谣"",""民族""]",20020,10,991,16,"否","是","否","否","否","否","否","否","否","否","否","否","否","否","否","否","否","否","否","否","否","否","否",1086,"否","否","否","否","否","否","否","否","否","否","否","否","否","否","否","否","否","否","是","否","否","否","否","否","否","否","否","否","否","否","否","否","是","否","否","否",24,1,"是","否","否","否","是","否","否",9.05017161982336,3
"26","【法国咖啡馆5】吉普赛爵士-百听不厌","双鱼脆脆",1435104000,"<b>介绍：</b>Gypsy Jazz吉普赛爵士：在1930-50年代在法国巴黎成型，由当时法国流行的缪塞特乐团的吉普赛裔吉他手将这种音乐与美国流行的Swing音乐融合，现在已经发展为世界各地受欢迎的一种爵士乐。<br><br>Gypsy Jazz特征：木吉他与小提琴是主要乐器；韵律吉他取代爵士鼓定节拍的角色。<br>",16832,964,15,12,"[""爵士"",""器乐""]",7401,9,146,18,"否","否","否","否","否","否","否","是","否","否","否","是","否","否","否","否","否","否","否","否","否","否","否",161,"否","是","否","否","否","否","否","否","否","否","否","否","否","否","否","否","否","否","否","否","否","否","否","否","否","是","否","否","否","否","否","否","否","否","否","否",14,0,"是","否","否","否","是","否","否",9.73103711553744,3
"27","【高燃向】电子竞技精彩时刻常用BGM","茶狸狸",1478995200,"<b>介绍：</b>还有这种操作?<br>这波操作6不6<br>这波我很强<br>电子竞技就是要秀<br>这个瞬间我能吹一年<br>我也能打出这个精彩瞬间<br>",4984,115,1,1,"[""电子"",""游戏"",""兴奋""]",5052,8,34,18,"是","否","是","否","否","否","否","否","否","是","否","否","否","否","否","否","否","否","否","否","否","否","否",81,"否","否","否","否","否","否","否","否","否","否","否","否","否","否","否","否","否","否","否","是","否","否","否","否","否","否","否","是","是","否","否","否","否","否","否","否",22,2,"是","否","否","否","是","否","否",8.51398806046729,3
"28","【国色天香】魔性戏曲翻唱?￣?^￣??","布尔什维克近卫军",1480982400,"<b>介绍：</b>《国色天香》是由天津卫视原创的一档全部由明星参与竞赛的季播真人秀节目，该节目以普通人也能唱戏曲曲艺为创作理念。<br><br>曲艺形式包括：<br>京剧，豫剧，越剧，评剧，黄梅戏，二人转<br><br>不多说了，自行体会～<br>",8764,202,2,4,"[""华语"",""民族"",""另类/独立""]",20647,9,73,19,"否","否","否","否","否","否","否","否","否","否","否","否","否","否","否","否","否","否","否","否","否","否","否",125,"否","否","否","否","否","否","否","否","否","否","否","否","否","否","否","否","否","否","是","否","否","否","否","否","否","否","否","否","否","是","是","否","是","否","否","否",32,0,"是","否","否","否","是","否","否",9.07840770071536,3
"29","【环游世界 ~ 弛放音乐】New Age","幻Olina",1462406400,"<b>介绍：</b>我喜欢你，像雨洒落在热带与极地，不远万里。我喜欢你，像风走了八千里，不问归期。我喜欢你，像盛开在藏地的格桑花，生生不息。我喜欢你，想和你在最浪漫的节日里，一起到这些地方默默私语。<br>我喜欢你，像星辰奔波亿万年黑夜，不诉怨语。<br><br>我想和你一起去新西兰水中的避暑花园亲密。像雪绵延不绝洒满大地，凉的是我，美得是你。想和你在法国科尔马乘坐袖珍船嬉戏。<br><br>我喜欢你，像老故事里的泛黄桥段，半聋半哑，失了声息。想和你一起去菲律宾蚕茧形吊床中小憩。像夏日仅有的凉意，藏在微风里。想和你一起浸泡在无限大的泳池里。<br><br>我喜欢你，像星辰闪耀静谧穹顶，不惧孤寂。想和你一起去瑞士驾驶水陆两栖。像旧城里的老折子戏，温言软语。<br><br>我喜欢你，想和你一起踏上希腊麦克诺斯岛的袖珍岛屿。像消弭在日子里的梦境，只剩叹息。想和你一起在海边荡秋千欢笑不语。<br><br>我喜欢你，像鸟归林鲸向海，自然随意想和你一起感受德国图书馆高大的玻璃。<br><br>我喜欢你，想和你一起在瑞典哥特堡泡顶楼盆浴。像野马氤氲寻着那山峦的踪迹，缠绵几许。想和你一起在马尔代夫海上小屋体验大海玻璃。<br><br>我喜欢你，想和你一起在弗罗里达索拉索塔利多沙滩里。想和你一起在尼加拉瓜格兰纳达波尼树屋下看小溪。<br><br>我喜欢你，想和你一起在希腊圣托里尼岛洞穴泳池中嬉戏。想和你一起在哥伦比亚圣玛尔塔吊床中迷离。<br><br>我喜欢你，想和你一起去马尔代夫海面漂浮的小屋里。像酒杯里绯红的液体，醉入一片迷离。<br><br>我喜欢你，想和你一起在加拿大千岛群岛小门廊前私语。想和你一起在华盛顿西雅图乘坐盆浴。<br><br>我喜欢你，像蒲公英飘落各地，不远万里。想和你一起坐在在墨西哥Puerto Vallarto沙滩雕塑中装逼。<br><br>我喜欢你，想和你一起在波拉岛的海中餐厅享受美食的待遇。<br><br>我喜欢你，想和你一起在巴厘岛河上度假欢喜，想和你一起漂浮在泳池看电影。<br>想和你一起在阿拉斯加冰川湾划艇向前驶去。<br><br>我喜欢你，想和你一起在土耳其Pamukke天然岩石泳池里。像黄沙失去了风的簇拥，跌落入泥。<br><br>想和你一起在泰国苏尼瓦奇瑞吊舱用餐新奇。想和你一起在希腊凯法利尼亚划船驶过洞穴去。<br><br>我喜欢你，像冬日暖阳，照耀着你。想和你一起坐在波西米亚后花园中翻来覆去。像翻腾的鱼儿，对水不离不弃。<br><br>我喜欢你，想和你一起过七夕，哪怕只是坐在大树的怀抱里。<br><br>旅游资源来自网络<br>",3711,94,35,5,"[""New Age"",""世界音乐"",""浪漫""]",3271,8,734,20,"是","否","否","否","否","否","否","是","否","否","否","否","是","否","否","否","否","否","否","否","否","否","否",1096,"否","否","否","是","否","否","否","否","否","否","否","否","否","否","否","否","否","否","否","否","否","否","否","否","否","否","否","否","否","否","否","否","否","否","否","否",66,0,"是","否","否","否","是","否","否",8.2190566610606,3
"30","【绝版·LIve·谭咏麟】华语乐坛 经典回忆","花如雪泪已尽恍如昨梦",1411516800,"<b>介绍：</b>如无意的想结识我，在我身边，倚靠在我身旁。谁在路上燃亮着我心火，停无限温暖在我的心窝结果，闭上眼似是昨日，你的心紧靠着我。爱意也会象雾幻，转眼间会失去，你会说你爱我，永远永远爱我。我堕入情网你却在网外看，始终不释放这陷阱偏我遇上......Cheers mate, Ilove u<br>",13056,488,4,6,"[""华语"",""粤语"",""流行""]",58,7,117,22,"是","是","是","否","否","否","否","否","否","否","是","否","否","否","否","否","否","否","否","否","否","否","否",154,"否","否","否","否","否","否","否","否","否","否","否","否","否","否","否","否","否","是","是","否","否","否","否","否","否","否","否","否","否","否","否","否","否","否","是","否",301,1,"否","否","否","是","否","否","否",9.47700307720389,3
"31","【拉丁爵士·吉他&amp;钢琴】西班牙狂想之夜","双鱼脆脆",1436227200,"<b>介绍：</b>Michel Camilo米歇尔·卡米洛，来自拉丁美洲多米尼加，爵士界成果累累的钢琴演奏家；Tomatito，出生于西班牙、继承了佛拉明戈音乐衣钵的吉他手。这二人的组合带来2种乐器的融合,2种乐派的碰撞，时而激昂，时而沉静～<br>",5782,144,1,3,"[""爵士"",""吉他"",""钢琴""]",7401,9,146,23,"是","否","否","否","是","否","否","是","否","否","否","是","否","否","否","否","否","否","否","否","是","否","否",126,"否","是","否","否","否","否","否","否","否","否","否","否","否","否","否","否","否","否","否","否","否","否","否","否","否","否","否","否","否","否","否","否","否","否","否","否",19,0,"是","否","否","否","是","否","否",8.66250492257629,3
"32","【浪漫情调 ~ 弛放音乐】 New Age","幻Olina",1462406400,"<b>介绍：</b>很想有一种生活，过得有情调、有味道，也不全然是崇尚小资，最向往的，是一种古典的、优雅的、别致的韵味。<br><br>情调，应该是一种极致的韵调。虽然，不可能事事都做到极致，但应该有追求极致的心。<br><br>光阴渐瘦，人渐老，心渐静，就想着，这样静静的，在心里开出一朵叫情调的花来，不求多么妖娆，只为着，活出自己的一种风情。<br><br>记得水色流苏的一句话：”一朵花，能开就尽量开，最好溺死在自己的香气里，否则，也是半途而废。”说的，真是入骨，但半途而废的事，也还是常做的，所以，也终究，没有沉溺在一种香气里。所以，也始终，难以做到极致。但仍然，愿意沉迷在一种情调里，不能自拔。<br><br>一种格调，一种氛围，只有人间烟火才有。凭着感觉，凭着喜欢，用心用情，就可经营出一种情调来。隐隐透着几分暗香，释放涌动暗流的激情……<br><br>(精选经典曲目)<br>",2636,64,29,13,"[""电子"",""New Age"",""钢琴""]",3271,8,734,21,"是","否","否","否","否","是","否","否","否","否","否","否","否","否","否","否","否","否","否","否","否","否","否",395,"否","否","否","是","否","否","否","否","否","否","否","否","否","否","否","否","否","否","否","是","否","否","否","否","否","否","否","否","否","否","否","否","否","否","否","否",63,0,"是","否","否","否","是","否","否",7.8770178956224,3
"33","【冷爵士·小号】迷失在夜的寂寞/查特·贝克","双鱼脆脆",1434240000,"<b>介绍：</b>村上春树说：“查特·贝克的演奏有一种令人胸颤的痛楚。”<br><br>查特·贝克：天才演奏家和出色的冷爵士小号演奏家，虽未写过一首乐曲，但创意却完全流露在他对乐器的驾御和对音乐的演绎中。<br>",4740,125,3,7,"[""爵士"",""器乐"",""夜晚""]",7401,9,146,21,"否","否","否","否","否","否","否","否","否","否","否","是","否","否","否","否","否","否","否","否","否","否","否",107,"否","是","否","否","否","否","否","否","否","否","否","否","否","否","否","否","否","否","否","否","否","否","否","否","否","是","否","否","否","否","否","否","否","否","否","否",30,0,"是","否","否","否","是","否","否",8.46379241468912,3
"34","【恋爱的女人 ~ 温柔甜美】精选辑","随风入梦",1413158400,"<b>介绍：</b>情不知所起，一往而深。喜欢一个人，就会犯傻，心速加快了，脸也羞红了 ；走路的姿态妖娆了，说话的声音妩媚了；满心的柔情，满脸的幸福，眼里莹满喜悦的泪花；想着想着就笑了~ ~，原来这世上真有一见钟情，隔着人海茫茫，他不动神色的凛然在那，她喜欢的恰是这不动神色。隐藏的蔷薇怒放了~ ~<br>",19209,198,88,34,"[""清新"",""浪漫"",""感动""]",20020,10,991,17,"否","否","否","否","否","是","是","否","否","否","否","否","否","是","否","否","否","否","否","否","否","否","否",153,"否","否","否","是","否","否","否","否","否","否","否","否","否","否","否","否","否","否","否","否","否","否","否","否","否","否","否","否","否","否","否","否","否","否","否","否",16,0,"是","否","否","否","是","否","否",9.86313419818691,3
"35","【漫步云端 ~ 人生步履的美丽】纯音乐","随风入梦",1396915200,"<b>介绍：</b>飞机划破美丽的晴空，坐在飞机内，没有了象第一次细细欣赏着窗外风景的惊喜。也许已经无数次穿梭在云端领略了腾云驾雾俯瞰地面居高临下的感觉。旅途中习惯紧闭双眼无限遐想。用心感受，用心领悟踏着洁白的云朵随风自由地跳跃于云海之中与阳光&amp;星月共舞的感觉。漫步云端，人生步履的美丽！<br><br>——2014年04月08日创建<br>",4786,137,53,40,"[""轻音乐"",""清新"",""浪漫""]",20020,10,991,19,"否","否","是","否","否","是","否","否","否","否","否","否","否","否","否","否","否","否","否","否","否","否","否",175,"否","否","否","否","否","否","否","否","否","是","否","否","否","否","否","否","否","否","否","否","否","否","否","是","否","否","否","否","否","否","否","否","否","否","否","否",17,1,"是","否","否","否","是","否","否",8.47345026846832,3
"36","【速度与激情】电影〖1～8〗","iskander1D",1493942400,"<b>介绍：</b>《速递与激情》电影<br>",2081,55,11,0,"[""欧美"",""流行"",""KTV""]",8810,8,74,14,"否","否","是","否","否","是","否","否","否","否","否","否","否","否","否","否","否","否","否","否","否","否","否",23,"否","否","否","否","否","否","否","否","否","否","否","否","否","否","否","否","是","是","否","否","否","否","否","否","否","否","否","否","否","否","否","否","否","否","否","否",176,5,"否","否","否","是","否","否","否",7.64060382639363,3
"37","【吻！吻！吻！爱的炽热与迷离】","随风入梦",1398211200,"<b>介绍：</b>爱情若璀璨的水晶，炫目而美丽，却易碎。让人手捧的人，心跳加速而小心翼翼，一旦破碎，捧得越紧的人，最后被伤到的越重。永恒的爱是能经历岁月和生活的敲打，是一颗钻石。<br><br>作为一种爱情或者性欲的表达，亲吻表现为两人嘴唇与嘴唇的接触，通常会更加强烈，并且持续更长的时间。热情的情侣或配偶可能会吮吸彼此的嘴唇，或者将舌头放到对方的嘴里（法式舌吻）。当男人亲吻着心爱的女人，那一瞬间是浪漫的、唯美的。<br><br>数学家说，接吻是两条直线间最短的距离；生物学家说，接吻是雌雄异体的细菌交换；物理学家说，接吻是两块口轮匝肌在收缩状态时并置在一起；诗人说，接吻是夏季开满鲜花的草场；莎士比亚说，接吻是爱的封印。接吻貌似很简单，但它却蕴藏着强大的力量。接吻不仅能够增加面部活动，延缓衰老，起到美容养颜功效，还可以促进血液循环，提高肌体免疫力。 <br><br>经典之吻是唯美的、浪漫的，使人难忘。她们就像一副一副优美的画卷，充满着故事与灵魂。<br>",4664,101,62,54,"[""流行"",""民谣"",""爵士""]",20020,10,991,15,"否","否","否","否","否","否","否","否","否","否","否","否","否","否","否","否","否","否","否","否","否","否","否",432,"否","否","否","否","否","否","否","否","否","否","否","否","否","否","否","否","否","是","否","否","否","否","否","否","否","否","否","否","否","否","否","否","否","否","否","否",24,2,"是","否","否","否","是","否","否",8.44762872803033,3
"38","【无言 ~ 致音乐】经典New Age 弛放","幻Olina",1464220800,"<b>介绍：</b>无言！当音乐的美达到极致，你所能做到的就是静静的用灵魂去倾听！<br><br>作曲家创作乐曲，也象文学家写诗歌、小说一样，有一套表情达意的体系，那就是音乐语言。<br>音乐语言包括很多要素：旋律、节奏、节拍、速度、力度、音区、音色、和声、复调、调式、调性等。一首音乐作品的思想内容和艺术美，要通过多种要素才能表现出来。<br>",2409,55,16,6,"[""New Age"",""世界音乐"",""经典""]",3271,8,734,22,"是","否","是","否","否","否","否","否","否","否","是","否","否","否","否","否","否","否","否","否","否","否","否",173,"否","是","否","否","否","否","否","否","否","否","否","是","否","是","否","否","否","否","否","否","否","否","否","否","是","否","否","否","否","否","否","否","否","否","否","否",48,1,"是","否","否","否","是","否","否",7.78696700261487,3
"39","【心中有你，因你而行】集锦辑","随风入梦",1427414400,"<b>介绍：</b>人生旅途，漫漫行程；心中有你，因你而行！ 因为爱，心中承载，征途漫谩，无怨无悔！<br>现在人们喜欢说“男神”，其实，仅仅长得好看的，不能算作男神。“神”应该是一种精神上的信仰。能让女人发自内心仰慕的，才是真正的男神，这种灵魂上的皈依，才能带来高层次的挚爱，也最能打造牢不可破的关系。<br>只有单纯无知的小姑娘，才会贪恋男人的颜和钱。成熟女人渴望的，一定是这种精神上的男神。这样的男人，是女人的外挂和定海神针，是最值得相守一生的伴侣。<br>——2015\03\27创建<br>",2897,76,79,58,"[""流行"",""摇滚"",""浪漫""]",20020,10,991,14,"否","否","否","否","否","否","否","否","否","否","否","否","否","否","否","否","否","否","否","否","否","否","否",250,"否","否","否","是","否","否","否","否","否","否","否","否","否","否","否","否","否","是","否","否","否","否","否","否","否","否","否","否","否","否","否","否","否","否","否","是",24,0,"是","否","否","否","是","否","否",7.97143099776935,3
"40","【异域元素 ~ 清幽深远】 New Age","幻Olina",1424390400,"<b>介绍：</b>好份清幽，陷落在日月山河中，静水留声，大美难言。让我们感受到脱尘出世的淡雅与安然；清幽深远，意境芬芳 ~ ~<br>",935,27,17,6,"[""民族"",""世界音乐"",""New Age""]",3271,8,734,21,"是","否","否","否","否","否","否","否","否","否","否","否","否","否","否","否","否","否","否","否","否","否","否",68,"否","否","否","否","否","否","否","否","否","否","否","否","否","否","否","否","否","否","否","否","否","否","否","否","否","否","否","否","否","否","否","否","是","否","否","否",18,1,"是","否","否","否","是","否","否",6.84054652928869,3
"41","【音画MV时尚 ~ 浪漫篇】No:02","随风入梦",1404172800,"<b>介绍：</b>精选唯美性感画面，激情四溢的经典MV，分享欣赏！！<br>",3803,132,28,15,"[""欧美"",""另类/独立"",""浪漫""]",20020,10,991,19,"是","否","否","否","否","是","否","否","否","否","否","否","否","否","否","否","否","否","否","否","否","否","否",39,"否","否","否","否","否","否","否","否","否","否","否","否","否","否","否","否","是","否","否","否","否","否","否","否","否","否","否","否","否","是","是","否","否","否","否","否",71,13,"是","否","否","否","是","否","否",8.24354550792826,3
"42","【滋 味～ 异域风情的别样魅力】 New Age","幻Olina",1427846400,"<b>介绍：</b>异域的滋味，感觉就是另类的、边界的、来自远方的、不食烟火的、空灵缥缈的声音……你就是在朦朦胧胧中迷上了,摸不到,看不着,不知不觉就被这特别的旋律吸引住了，上瘾的喜欢，迷恋其中……<br>",2178,44,29,11,"[""另类/独立"",""浪漫"",""民族""]",3271,8,734,24,"是","否","否","否","否","否","否","否","否","否","否","否","否","否","否","否","否","否","否","否","否","否","否",103,"否","否","否","是","否","否","否","否","否","否","否","是","否","否","否","否","否","否","否","否","否","否","否","否","否","否","否","否","否","是","是","否","是","否","否","否",25,0,"是","否","否","否","是","否","否",7.68616230349291,3
"43","【作业向】一个人的时候听的动漫歌、心安静","某科学的bilibili",1431993600,"<b>介绍：</b>作业向，好听的动漫歌，大部分的歌调偏安静低，不会听到很high而没办法静心去做作业，相反，这些歌很适合做作业的时候听！！！精心挑选的好歌，适合全天候听，刚刚起床，或刚刚吃过饭的中午，或无聊的下午，或迷惘的晚上，或一个人安静的夜里~治愈向 ///大家有什么好歌推荐的评论下谢谢~！<br>",12257,364,2,23,"[""日语"",""学习"",""ACG""]",40,7,22,20,"否","否","否","否","否","是","否","否","否","否","否","否","否","否","否","否","否","否","否","否","否","否","否",153,"否","否","否","否","否","否","否","否","否","否","否","否","否","否","是","否","否","否","否","否","是","是","否","否","否","否","否","否","否","否","否","否","否","否","否","否",71,3,"否","否","否","是","否","否","否",9.41385248134116,3
"44","【FNAF】玩具熊的五夜后宫","Iupid",1471996800,"<b>介绍：</b>Five nights at Freddy's<br>",8591,165,1,1,"[""欧美"",""游戏"",""ACG""]",10,8,9,14,"是","否","否","否","否","否","否","否","否","否","否","否","否","否","否","否","否","否","否","否","否","否","否",37,"否","否","否","否","否","否","否","否","否","否","否","否","否","否","否","否","是","否","否","否","是","否","否","否","否","否","否","否","是","否","否","否","否","否","否","否",34,0,"否","否","否","是","否","否","否",9.05847042263806,3
"45","【JOJO第四部】 角色名、替身名来源曲目","离群漫行",1449619200,"<b>介绍：</b>评论区有解说哦！！！一定要看哦！！！<br>爱到深处做歌单，JOJO，我不做人啦！！<br>",5462,180,7,40,"[""欧美"",""ACG""]",61,7,15,21,"是","否","否","否","否","否","否","否","否","否","否","否","否","否","否","否","否","否","否","否","否","否","否",56,"是","否","否","否","否","否","否","否","否","否","否","否","否","否","否","否","是","否","否","否","是","否","否","否","否","否","否","否","否","否","否","否","否","否","否","否",24,0,"否","否","否","是","否","否","否",8.60557030203365,3
"46","【New Age ~ 心悦明媚】","幻Olina",1430870400,"<b>介绍：</b>闲暇时光，总寻一处幽静的地方，一人静静凝视远方，不是什么雅致，而是倾心那种空灵和静谧 ~ ~ 伴着轻柔明媚的新世纪音乐，音韵悠悠，茶香袅袅，任神思飘渺 ~ ~<br>凝眸里，总会有一些情愫水一样滑过心际，于灵魂深处开出恬淡的花来，与灵魂对望的时光，那些人情的冷暖，那些世事的沧桑，都会一一在沉思中渐次清晰，又渐行渐远成逝水沉香 ~ ~<br><br>",1363,40,33,13,"[""New Age"",""感动"",""经典""]",3271,8,734,16,"是","否","否","否","否","否","否","否","否","否","否","否","否","否","否","否","否","否","否","否","否","否","否",185,"否","是","否","否","否","否","否","否","否","否","否","否","否","否","否","否","否","否","否","否","否","否","否","否","是","否","否","否","否","否","否","否","否","否","否","否",21,0,"是","否","否","否","是","否","否",7.21744343169653,3
"47","【New Age ~ 烟花轻驰】","幻Olina",1438560000,"<b>介绍：</b>恰如一场烟花烧，恰如一场最热烈的爱情，最灿烂的，不知不觉，悄然过去。—— 雪小禅<br>烟花，空灵而寂静、浪漫而飘渺；或许是她瞬间燃烧、瞬间寂灭的魅力，分外的吸引。恰如一场爱情，最热烈、最灿烂，不知不觉却悄然而过-----<br>独自在窗前眺望满城的烟花，心底异常的安静。也许，被烟花烧过的人，已外艳内凉了，心也不再挣扎。因为绽放过、欢喜过、不负过，心才清宁安然， 悠然驰骋----<br>",1166,31,19,7,"[""世界音乐"",""New Age"",""浪漫""]",3271,8,734,16,"是","否","否","否","否","否","否","否","否","否","否","否","否","否","否","否","否","否","否","否","否","否","否",205,"否","否","否","否","否","否","否","否","否","否","否","否","否","否","否","否","否","否","否","否","否","否","否","否","否","否","否","否","否","否","否","否","否","否","否","否",20,0,"是","否","否","否","是","否","否",7.06133436691044,3
"48","〖耳机福利〗检测耳机的时候到了","果茶_tea",1443052800,"<b>介绍：</b>发福利啦～～<br>现在检测耳机的时候到了！抓紧机会！！<br>越听越好听！！！坚持到最后一定是真爱w<br>┄┄┄┄┄┄┄┄┄┄┄┄┄┄┄┄┄┄┄<br>这张歌单在很久之前就创建了w不过一直没有好好排列和选封面(??????)?? 个人还是很喜欢这张歌单的，其中有同首歌但不一样的版本，开头和结尾相互应w，趁这次大修我来好好重新整理一下w希望大家喜欢这张歌单(?&gt;ω&lt;*?)?<br>",6844,79,7,9,"[""流行"",""电子"",""兴奋""]",808,9,53,15,"否","否","否","否","否","否","否","否","否","否","否","否","否","否","否","否","否","否","否","否","否","否","否",209,"是","否","否","是","是","否","否","否","否","否","否","否","否","否","是","否","否","是","否","是","否","否","否","否","否","否","否","是","否","否","否","否","否","否","否","否",35,3,"否","否","否","是","否","否","否",8.83112763501208,3
"49","?心底去??循环欧美?","Umid_节奏疯",1478131200,"[无简介]",17873,158,3,0,"[""欧美"",""怀旧"",""治愈""]",17333,9,35,11,"否","否","否","否","否","是","否","是","否","否","否","否","否","否","否","否","是","否","否","否","否","否","否",0,"否","否","否","否","否","否","否","否","否","否","否","否","否","否","否","否","是","否","否","否","否","否","否","否","否","否","是","否","否","否","否","否","否","是","否","否",59,2,"是","否","否","否","是","否","否",9.79104647319038,3
"50","°百听不厌?","-Macdaddy",1491264000,"<b>介绍：</b>百听不厌: 不厌 : 1.不嫌;不加以排斥。 2.不合。 3.不满足;不饱。厌，通&quot;餍&quot;。 4.不服。<br>",4396,51,2,0,"[""欧美"",""New Age""]",2943,8,14,6,"否","否","否","否","否","否","否","否","否","否","否","否","否","否","否","否","否","否","否","否","否","否","否",75,"否","否","否","否","否","否","否","否","是","否","否","否","否","否","否","否","是","否","否","否","否","否","否","否","否","否","否","否","否","否","否","否","否","否","否","否",88,2,"否","否","否","是","否","否","否",8.38845031552351,3
"51","?乌兹别克斯坦歌曲?","iskander1D",1491436800,"[无简介]",5395,68,2,1,"[""流行"",""欧美"",""浪漫""]",8810,8,74,10,"否","否","否","否","否","否","否","否","否","否","否","否","否","否","否","否","否","否","否","否","否","否","否",0,"否","否","否","否","否","否","否","否","否","否","否","否","否","否","否","否","是","是","否","否","否","否","否","否","否","否","否","否","否","否","否","否","否","否","否","否",190,1,"否","否","否","是","否","否","否",8.59322787769223,3
"52","?????????? ????? ?????????????","Babur--A___1998",1477180800,"<b>介绍：</b>?????? ?????? ????????? ????? ??? ??? ???? ?????? ?????????<br>",5660,68,1,2,"[""感动""]",2423,8,22,30,"否","否","否","否","否","否","否","否","否","否","否","否","否","否","否","否","否","否","否","否","否","否","否",73,"否","否","否","否","否","否","否","否","否","否","否","否","否","否","否","否","否","否","否","否","否","否","否","否","否","否","否","否","否","否","否","否","否","否","否","否",27,0,"否","否","否","是","否","否","否",8.64117917119723,3
"53","2017年7月新番OP&amp;ED(施工中)","進OTZ",1498435200,"<b>介绍：</b>四月番陆陆续续的相继结束，终于迎来了七月暑期番，今年又会有哪些燃曲或良曲呢，让我们拭目以待吧！<br>",624,26,3,2,"[""日语"",""ACG""]",165,8,56,23,"是","否","否","否","否","否","否","否","否","否","否","否","否","否","否","否","否","否","否","否","是","否","否",61,"否","否","否","否","否","否","否","否","否","否","否","否","否","否","否","否","否","否","否","否","是","是","否","否","否","否","否","否","否","否","否","否","否","否","否","否",38,2,"否","否","否","是","否","否","否",6.43615036836943,3
"54","八个和弦以内-画画听的","十六盎司",1452470400,"[无简介]",9479,211,1,7,"[""轻音乐"",""钢琴"",""吉他""]",200,7,9,11,"否","否","否","否","否","否","否","否","否","否","否","否","否","否","否","否","否","否","否","否","否","否","否",0,"否","否","否","否","否","否","否","否","否","否","否","否","否","否","否","否","否","否","否","否","否","否","否","是","否","否","否","否","否","否","否","否","否","否","否","否",102,2,"否","否","否","是","否","否","否",9.15683410445304,3
"55","八音盒之梦[オルゴールの夢]","晶莹之泪",1426896000,"<b>介绍：</b>咱自己非常喜欢八音盒和水晶琴的声音 所以搜集了这些 努力更新中<br>",3686,174,4,13,"[""轻音乐"",""安静"",""ACG""]",97,8,526,14,"否","否","否","否","是","否","否","否","否","否","否","否","否","否","否","否","否","否","否","否","否","否","否",45,"否","否","否","是","否","否","否","否","否","否","是","否","否","否","否","否","否","否","否","否","是","否","否","是","否","否","否","否","否","否","否","否","否","否","否","否",1000,3,"否","否","否","是","否","否","否",8.21229713822977,3
"56","霸气登场的BGM","茶狸狸",1470441600,"<b>介绍：</b>一听到这些BGM我就浑身难受，难受的我拿起身边的奥特曼变身器从30层楼跳下去变身。<br>",16828,316,1,7,"[""游戏"",""兴奋"",""电子""]",5052,8,34,8,"是","否","是","否","否","否","否","否","否","是","否","否","否","否","否","否","否","否","否","否","否","否","否",55,"否","否","否","否","否","否","否","否","否","否","否","否","否","否","否","否","否","否","否","是","否","否","否","否","否","否","否","是","是","否","否","否","否","否","否","否",14,0,"是","否","否","否","是","否","否",9.73079944471041,3
"57","百年香颂-女歌手名录","双鱼脆脆",1438560000,"<b>介绍：</b>1）当代香颂的兴起，大约是在1900年“法国美好时代” ，从那时起，香颂走进了百花齐放、多姿多彩的时代。<br><br>2）1931年，在法国第一届ACC唱片大奖赛上，香颂女歌手陆仙妮以一曲《对我细诉爱语》摘得桂冠，此歌被翻译为十四种语言多次翻唱，正式揭开法国“香颂”迷人的风华史。<br><br>3）如今在酒吧咖啡馆所传唱的那些复古怀旧的情歌和经典小资爵士乐曲已经成为香颂的代言。<br><br>4）歌单收录了从30年代开始的老牌香颂女歌手和当代流行歌手，共66位。从经典曲目到流行歌曲，可以听到近百年中香颂的演变，唯一不变的是那永远的优雅浪漫格调。持续更新中<br>",1947,112,1,10,"[""小语种""]",7401,9,146,10,"否","否","否","否","否","否","否","否","否","否","否","否","否","否","否","否","否","否","否","否","否","否","否",295,"是","否","是","否","否","否","是","否","否","否","是","否","是","否","否","否","否","否","否","否","否","否","否","否","否","否","否","否","否","否","否","否","否","否","否","否",57,0,"是","否","否","否","是","否","否",7.5740450053722,3
"58","奔跑吧 欢快幽默音乐特辑","敢死队长",1495411200,"<b>介绍：</b>《奔跑吧》欢快搞笑音乐特辑<br><br>bgm中的搞笑担当，音乐响起，你不高兴都不行<br>",238,13,2,0,"[""轻音乐"",""欧美""]",778,6,67,12,"否","否","否","否","否","是","否","否","否","否","否","否","否","否","否","否","否","否","否","否","否","否","否",57,"否","是","否","否","否","否","否","否","否","否","否","否","否","否","否","否","是","否","否","否","否","否","否","是","否","否","否","否","否","否","否","否","否","否","否","否",55,2,"否","否","否","是","否","否","否",5.47227067367148,3
"59","奔跑吧 英文歌特辑","敢死队长",1495238400,"<b>介绍：</b>奔跑吧英文歌歌单，节目每一期出现的英文歌都很好听，歌曲排序方式：按照时间倒序排列<br><br>内容随节目播出不断更新……<br><br>现更新至第六期<br>",586,19,3,2,"[""欧美"",""流行""]",778,6,67,9,"否","否","否","否","否","否","否","否","否","否","否","否","否","否","否","否","否","否","否","否","否","否","否",90,"是","否","是","否","否","否","否","否","否","否","是","否","否","否","是","否","是","是","否","否","否","否","否","否","否","否","否","否","否","否","否","否","否","否","否","否",63,8,"否","否","否","是","否","否","否",6.37331978957701,3
"60","奔跑吧第八期(baby回归)","敢死队长",1496361600,"<b>介绍：</b>播出时间：20170602<br><br>baby回归跑男，全部是自家人(伐木累)的一期<br><br>拍摄地点：辽宁大连<br>",1225,12,1,1,"[""华语"",""欧美"",""流行""]",778,6,67,14,"是","否","否","否","否","否","否","否","否","否","否","否","否","否","否","否","否","否","否","否","否","否","否",75,"否","否","否","否","否","否","否","否","否","否","否","否","否","否","否","否","是","是","是","否","否","否","否","否","否","否","否","否","否","否","否","否","否","否","否","否",17,3,"否","否","否","是","否","否","否",7.11069612297883,3
"61","奔跑吧第二期","敢死队长",1492819200,"<b>介绍：</b>《奔跑吧》第二期的录制时间为2月20日，播出时间为4月21日，地点：杭州，嘉宾：陈伟霆、林俊杰。<br>",611,20,1,4,"[""华语"",""欧美"",""流行""]",778,6,67,6,"否","否","否","否","否","否","否","否","否","否","否","否","否","否","否","否","否","否","否","否","否","否","否",62,"否","否","否","否","否","否","否","否","否","否","否","否","否","否","否","否","是","是","是","否","否","否","否","否","否","否","否","否","否","否","否","否","否","否","否","否",66,10,"否","否","否","是","否","否","否",6.4150969591716,3
"62","奔跑吧第六期","敢死队长",1495152000,"<b>介绍：</b>第六期20170519BGM<br><br>嘉宾：贾玲、景甜、王嘉尔<br>",1157,23,1,7,"[""影视原声""]",778,6,67,6,"否","否","否","否","否","否","否","否","否","否","否","否","否","否","否","否","否","否","否","否","否","否","否",48,"否","否","否","否","否","否","否","否","否","否","否","否","否","否","否","否","否","否","否","否","否","否","否","否","否","否","否","否","否","否","否","是","否","否","否","否",62,2,"否","否","否","是","否","否","否",7.05358572719368,3
"63","奔跑吧第三期","敢死队长",1493424000,"<b>介绍：</b>因为这一期有和之前重复的歌，歌单没法加，且有人问第三期都有哪些歌，所以另开此单。<br><br>《奔跑吧》第三期的录制时间为3月3日，播出时间为4月28日，地点：云南大理，嘉宾：李沁、唐艺昕、林志玲、容祖儿、阿Sa。<br>",3081,46,2,3,"[""欧美"",""流行"",""轻音乐""]",778,6,67,6,"否","否","否","否","否","否","否","否","否","否","否","否","否","否","否","否","否","否","否","否","否","否","否",122,"是","否","否","否","否","否","否","否","否","否","否","否","否","否","否","否","是","是","否","否","否","否","否","是","否","否","否","否","否","否","否","否","否","否","否","否",85,8,"否","否","否","是","否","否","否",8.03300949859667,3
"64","奔跑吧第四期","敢死队长",1494028800,"<b>介绍：</b>第四期的音乐收集在这里了，包括了与前几期重复的歌曲<br><br>嘉宾：林志玲、李沁、容祖儿、唐艺昕、阿Sa<br>",2136,35,1,22,"[""华语"",""欧美"",""流行""]",778,6,67,6,"否","否","否","否","否","否","否","否","否","否","否","否","否","否","否","否","否","否","否","否","否","否","否",68,"否","是","是","否","否","否","否","否","否","否","否","否","否","否","否","否","是","是","是","否","否","否","否","否","否","否","否","否","否","否","否","否","否","否","否","否",117,14,"否","否","否","是","否","否","否",7.66669020008009,3
"65","奔跑吧第五季 即将用的bgm","敢死队长",1492646400,"<b>介绍：</b>预测奔跑吧专用歌单，预测下一期即将使用什么bgm，除了主持人自带的bgm，根据节目预告，还会出现哪些音乐(纯属娱乐)<br>",2947,27,1,1,"[""华语"",""欧美"",""轻音乐""]",778,6,67,14,"是","否","否","否","否","否","否","否","否","否","否","否","否","否","否","否","否","否","否","否","否","否","否",72,"是","是","否","否","否","否","否","否","否","否","否","否","否","否","否","否","是","否","是","否","否","否","否","是","否","否","否","否","否","否","否","否","否","否","否","否",15,0,"否","否","否","是","否","否","否",7.98854298273769,3
"66","奔跑吧第五期","敢死队长",1494633600,"<b>介绍：</b>黄河大合唱专期<br>",548,12,1,7,"[""华语""]",778,6,67,6,"否","否","否","否","否","否","否","否","否","否","否","否","否","否","否","否","否","否","否","否","否","否","否",21,"否","否","否","否","否","否","否","否","否","否","否","否","否","否","否","否","否","否","是","否","否","否","否","否","否","否","否","否","否","否","否","否","否","否","否","否",54,4,"否","否","否","是","否","否","否",6.30627528694802,3
"67","奔跑吧第一期","敢死队长",1492387200,"<b>介绍：</b>《奔跑吧》第一期的录制时间为2月22日，播出时间为4月14日，地点：浙江义乌，嘉宾：刘嘉玲、袁姗姗、黄宗泽、关晓彤、魏大勋。<br>",1145,24,1,3,"[""流行"",""华语"",""欧美""]",778,6,67,6,"否","否","否","否","否","否","否","否","否","否","否","否","否","否","否","否","否","否","否","否","否","否","否",76,"否","否","否","否","否","否","否","否","否","否","否","否","否","否","否","否","是","是","是","否","否","否","否","否","否","否","否","否","否","否","否","否","否","否","否","否",130,12,"否","否","否","是","否","否","否",7.04315991598834,3
"68","笨女孩（原声集）","中二的歪鲤",1491177600,"<b>介绍：</b>歌曲没有发布，请耐心等待<br><br>《笨女孩》是由日本漫画家ヒロユキ作画的四格漫画，在《周刊少年Magazine》2012年52号上开始连载。描写冷酷高中生阿久津明与笨蛋女高中生花畑佳子的学校日常生活的搞笑喜剧作品。<br><br>再简单的介绍一下男女主角 (-^〇^-)<br>女主 花畑佳子<br>明的混乱制造者。喜欢的东西是明和香蕉，每科都考0分、连九九乘法都不会的笨蛋，但是运动神经很好。她笨到连在公园玩的小学生都在替她的未来担忧，建议她不要玩乐、去读书；不过她认为只要嫁给明就不必担心未来，但因为太笨，明把她当动物（猴子）看。<br>男主 阿久津明<br>佳子的青梅竹马，成绩很好。讨厌的东西是佳子与麻烦，冷血无情、经常使用暴力的恶魔，体力比佳子还差，不过还是一直在照顾佳子。妹控！实际上明的运动神经很好，格斗也很有水平，只不过佳子更强。<br><br>",4064,76,3,9,"[""ACG"",""影视原声"",""日语""]",734,7,90,8,"否","否","否","否","否","否","否","否","否","否","否","否","否","否","否","否","否","否","否","否","否","否","否",394,"否","否","是","是","否","否","否","否","否","否","否","否","否","否","否","否","否","否","否","否","是","是","否","否","否","否","否","否","否","否","否","是","否","否","否","否",11,0,"否","否","否","是","否","否","否",8.30992298925832,3
"69","崩坏3rd抽卡必备","南大人_",1483401600,"<b>介绍：</b>收藏此歌单，助你脱非入欧…<br>",6634,139,5,12,"[""游戏""]",12,7,9,9,"是","否","否","否","否","否","是","否","否","否","否","否","否","否","否","否","否","否","否","否","否","否","否",27,"是","否","否","否","否","否","否","否","否","否","否","否","否","否","否","否","否","否","否","否","否","否","否","否","否","否","否","否","是","否","否","否","否","否","否","否",11,0,"否","否","否","是","否","否","否",8.799963219507,3
"70","不论睡在哪里，都是睡在夜里。","完美的灵魂",1421280000,"<b>介绍：</b>后摇，新古典，暗潮，新民谣，迷幻电子，军工。via独行的灵魂#NO.381<br>",12817,258,7,16,"[""欧美"",""另类/独立"",""夜晚""]",44003,10,503,14,"否","否","否","否","否","否","否","否","否","否","否","否","否","否","否","否","否","否","否","否","否","否","否",51,"否","否","否","否","否","否","否","否","否","否","否","否","否","否","否","否","是","否","否","否","否","否","否","否","否","否","否","否","否","是","是","否","否","否","否","否",22,1,"是","否","否","否","是","否","否",9.45852769372982,3
"71","布鲁斯故事","大象与蚂蚁",1477699200,"<b>介绍：</b>布鲁斯音乐大咖精选<br>",1237,51,2,0,"[""欧美"",""蓝调"",""经典""]",8811,10,180,5,"否","否","否","否","否","否","否","否","否","否","否","否","否","否","否","否","否","否","否","否","否","否","否",23,"否","是","否","否","否","否","否","否","否","否","否","否","否","否","否","否","是","否","否","否","否","否","否","否","是","否","否","否","否","否","否","否","否","否","否","否",218,2,"是","否","否","否","是","否","否",7.12044437239249,3
"72","超自然9人组Occultic;Nine","萌香妹妹",1477612800,"<b>介绍：</b>Occultic;Nine -オカルティック?ナイン- 超自然9人组OP ED歌单320K<br>",2476,44,3,0,"[""日语"",""ACG""]",171,6,58,19,"是","否","否","否","否","否","否","否","否","否","否","否","否","否","否","否","否","否","否","否","否","否","否",59,"是","否","否","否","否","否","否","否","否","否","否","否","否","否","否","否","否","否","否","否","是","是","否","否","否","否","否","否","否","否","否","否","否","否","否","否",8,0,"否","否","否","是","否","否","否",7.81439963380449,3
"73","车载＊超强节奏感","--唯爱",1465689600,"[无简介]",6008,79,7,3,"[""驾车"",""兴奋""]",2366,9,20,8,"否","否","是","是","否","否","否","否","否","否","否","否","否","否","是","否","否","否","否","否","否","否","否",0,"否","否","否","否","否","否","否","否","否","否","否","否","否","否","否","否","否","否","否","否","否","否","否","否","否","否","否","是","否","否","否","否","否","否","否","否",80,5,"否","否","否","是","否","否","否",8.70084719344397,3
"74","陈慧娴丨纵然有千百个喜欢的歌手也忘不掉你","夜海__",1480809600,"<b>介绍：</b>回忆陈慧娴 Priscilla，Chan 一段娴情 ~ <br>即使多年之后，也有人一定会记得陈慧娴，她的声是暖春、是炎夏、是凄秋易是严冬，她的歌像正午的太阳很暖，像雨后的水很涩，像一面映照现实的镜，映出的是人生，映出的是世间冷暖。 <br>写实之情：临行临别，才顿感哀伤的漂亮；原来全是你， 令我的思忆漫长。——《千千阙歌》 <br>几番离合，再相聚；成功挫败，难管它。悲哀因有他，快乐为有他，跟他受苦也罢。——《归来吧》 <br>她缘份随风飘荡，缘尽此生也守望，你我在凝望那一刹，心中有泪飘降。——《人生何处不相逢》<br>很怀念你当初太重要，但你始终未尽全力，让这颗心静静逃掉情也抹掉。—— 《夜机》<br>愿我的生命璀璨，要闪的漂亮，愿我的足迹，如风如霜。——《月亮》<br>情带歌走，唱的是自己也是别人，她很朴素，很率真，很坚强，很善良，她是沙滩上徐徐吹来的暖风暖尽人意，是风中屹立的白杨坚强刚毅，是藕池里的荷 出淤泥而不染，濯清涟而不妖。<br>好歌配佳人，使她在歌声中表现的淋淋尽致，是寄托，更是一段娴情。<br>",15870,370,24,17,"[""怀旧"",""粤语"",""经典""]",19,9,3,20,"否","否","否","否","否","否","是","否","否","否","否","否","否","否","否","否","否","否","否","否","否","否","否",474,"否","否","否","否","否","否","否","否","否","否","否","否","否","否","否","否","否","否","否","否","否","否","否","否","是","否","否","否","否","否","否","否","否","是","是","否",170,4,"否","否","否","是","否","否","否",9.67218581352046,3
"75","纯粹?清冽?冷爵士","自由意志",1365811200,"[无简介]",7102,186,9,11,"[""爵士"",""孤独"",""小语种""]",22,7,39,9,"否","否","否","否","否","否","否","否","否","否","否","是","否","否","否","否","否","否","否","否","否","否","否",0,"否","否","否","否","否","否","否","否","否","否","否","否","否","否","否","否","否","否","否","否","否","否","否","否","否","否","否","否","否","否","否","否","否","否","否","否",11,0,"否","否","否","是","否","否","否",8.86813171350303,3
"76","此刻，多么欢愉。","完美的灵魂",1466467200,"<b>介绍：</b>搁浅在爱情的海洋里，<br>可这就是我们想要的，<br>在你我的庇荫所里，安然无恙，无人可抵达。 今夜，你会不会起航？ via独行的灵魂#NO.492<br>",16724,287,22,19,"[""夜晚"",""欧美"",""另类/独立""]",44003,10,503,8,"否","否","否","否","否","否","否","否","否","否","否","否","否","否","否","否","否","否","否","否","否","否","否",89,"否","否","否","否","否","否","否","否","否","否","否","否","否","否","否","否","是","否","否","否","否","否","否","否","否","否","否","否","否","是","是","否","否","否","否","否",24,1,"是","否","否","否","是","否","否",9.72460009247646,3
"77","催眠 α波 潜意识疗法 舒眠","擂钵",1366156800,"<b>介绍：</b>α脑波音乐之舒眠，失眠吗？听听她吧，让你自然而然地释放睡眠压力，渐进佳梦。<br>",16240,429,8,10,"[""夜晚"",""午休"",""民族""]",77,6,9,14,"否","否","否","否","否","否","否","否","否","否","否","否","否","否","否","否","否","否","否","否","否","否","否",51,"否","是","否","否","否","否","否","否","否","否","否","否","否","否","否","否","否","否","否","否","否","否","否","否","否","否","否","否","否","否","否","否","是","否","否","否",5,0,"否","否","否","是","否","否","否",9.69523261371567,3
"78","抖腿-劳驾给咱家一架缝纫机","扶她进来",1450656000,"<b>介绍：</b>这也算是另一个不能好好走路系列_(:зゝ∠)_打开这货，老夫的双腿几乎是失控的233333...<br>",2573,71,1,4,"[""日语"",""兴奋"",""ACG""]",2124,7,25,13,"否","否","否","否","否","否","否","否","否","否","否","否","否","否","否","否","否","否","否","否","否","否","否",62,"否","否","否","否","否","否","否","否","否","否","否","否","否","否","否","否","否","否","否","否","是","是","否","否","否","否","否","是","否","否","否","否","否","否","否","否",45,6,"否","否","否","是","否","否","否",7.85282781228174,3
"79","俄罗斯吉普赛?Loyko","yuyaran",1408752000,"<b>介绍：</b>Loyko是当今俄罗斯最有声望的吉普赛音乐团体。乐团名称来源于19世纪俄罗斯著名的吉普赛小提琴艺人Loyko zabar。Sergei Erdenko和Oleg Ponomarev是一对表兄弟，他们出身于俄罗斯最古老的吉普赛部族。本专辑是Loyko在德国法兰克福演出的现场录音。<br>",3056,96,1,0,"[""古典"",""民族"",""世界音乐""]",7720,7,154,12,"是","否","否","否","否","否","否","否","否","否","否","否","否","否","否","否","否","否","否","否","否","否","否",153,"否","是","否","否","否","是","否","否","否","否","否","否","否","否","否","否","否","否","否","否","否","否","否","否","否","否","否","否","否","否","否","否","是","否","否","否",14,0,"是","否","否","否","是","否","否",8.02486215028641,3
"80","非洲游乐园","爵士当铺",1438041600,"<b>介绍：</b>参与这张专辑的艺人来自贝宁、衣索比亚、塞内加尔、马达加斯加等地，多数已成军达十年以上，并在国际上知名的团体，像成立於八零年代的南非团体「马哈达拉皇后合唱团」，便是三位从少女唱到成为阿婆的团体，来自乌乾达的史麦提不仅有著迷人的嗓音，更精通多样乐器，是一位全能的音乐天才。<br>",746,36,1,0,"[""运动"",""世界音乐""]",9461,9,83,5,"否","否","否","否","否","否","否","否","否","否","否","否","否","否","否","否","否","否","否","否","否","否","否",148,"否","是","否","否","否","是","否","否","否","否","否","否","否","否","否","否","否","否","否","否","否","否","否","否","否","否","否","否","否","否","否","否","否","否","否","否",13,0,"是","是","否","否","是","是","否",6.61472560020376,3
"81","匪帮说唱【暴徒人生】","栓栓阿栓",1468886400,"[无简介]",2350,61,1,0,"[""欧美"",""说唱""]",12,7,18,10,"否","否","是","否","否","否","否","否","否","否","否","否","否","否","否","否","否","否","否","否","否","否","否",0,"否","否","否","否","否","否","否","否","否","否","否","否","否","否","否","否","是","否","否","否","否","否","否","否","否","否","否","否","否","否","否","否","否","否","否","否",32,1,"否","否","否","是","否","否","否",7.7621706071382,3
"82","疯狂萨克斯","双鱼脆脆",1478995200,"<b>介绍：</b>美国女萨克斯演奏家Mindi Abair明迪·阿拜。炸裂感MAX，单听演奏雌雄莫辨<br>",1523,73,3,0,"[""爵士""]",7401,9,146,5,"否","否","否","否","是","否","否","否","否","否","否","否","否","否","否","否","否","否","否","否","否","否","否",55,"否","否","否","否","否","否","否","否","否","否","否","否","否","否","否","否","否","否","否","否","否","否","否","否","否","否","否","否","否","否","否","否","否","否","否","否",15,0,"是","否","否","否","是","否","否",7.32843735289516,3
"83","弗朗明哥舞曲","半甜的太阳雨",1388016000,"[无简介]",11049,266,11,3,"[""民族"",""浪漫""]",1466,9,216,6,"否","否","是","否","否","否","否","否","否","否","否","否","否","否","否","否","否","否","否","否","否","否","否",0,"否","否","否","否","否","否","否","否","否","否","否","否","否","否","否","否","否","否","否","否","否","否","否","否","否","否","否","否","否","否","否","否","是","否","否","否",40,0,"是","否","否","否","是","否","否",9.31009520511317,3
"84","哥特中二风(?ω&lt; )★","铃木佳奈",1441152000,"<b>介绍：</b>为什么要选择孤独，因为中二病往往都是孤独的！<br>",2262,87,3,14,"[""日语"",""另类/独立"",""孤独""]",2216,9,36,15,"是","否","否","否","否","否","否","否","否","否","否","否","否","否","否","否","否","否","否","否","否","否","否",36,"否","否","否","否","否","否","否","否","否","否","否","否","否","否","否","否","否","否","否","否","否","是","否","否","否","否","否","否","否","是","是","否","否","否","否","否",41,0,"是","否","否","否","是","否","否",7.72400465667607,3
"85","个人心中最好的10首Rap","OversG",1441670400,"<b>介绍：</b>Top 10 / Kendrick Lamar-----A.D.H.D Top 9 / Kanye west-----All Of The Lights Top 8 / Mobb Deep-----Shook Ones Part II Top 7 / Snoop Dogg-----Gin&amp;Juice Top 6 / Eminem-----Lose Yourself Top 5 / Coolio-----Gangsta's Paradise Top 4 / B.I.G.-----I See Cali Top 3 / Ice Cube-----It Was A Good Day Top 2 / Tupac-----Ghetto Gospel Top 1 / Eazy-E-----Boyz-N-The-Hood(Remix)<br>",11267,355,4,12,"[""欧美"",""感动"",""说唱""]",5878,10,47,13,"是","否","否","否","否","否","否","否","否","否","否","否","否","否","否","否","否","否","否","否","否","否","否",382,"否","否","否","否","否","否","否","否","否","是","否","否","否","否","否","否","是","否","否","否","否","否","否","否","否","否","否","否","否","否","否","否","否","否","否","否",10,1,"是","否","否","否","是","否","否",9.32963337816417,3
"86","古典音乐入门（薜飚音乐艺术中心）","FurEris",1438128000,"<b>介绍：</b>此歌单据2015年7月28日薜飚音乐艺术中心发布的微信帖“古典音乐入门”中选取的曲目而建。共分四部分，介绍内容见歌单评论，曲目名称见歌曲评价中我的评价，内容简介源自微信帖中介绍。<br>",7898,309,6,9,"[""古典"",""经典""]",9122,10,895,16,"否","否","是","否","否","否","否","否","否","否","否","否","否","否","否","否","否","否","否","否","否","否","否",103,"是","是","是","否","否","否","否","否","否","否","否","否","否","否","否","否","否","否","否","否","否","否","否","否","是","否","否","否","否","否","否","否","否","否","否","否",37,1,"是","否","否","否","是","否","否",8.9743648418466,3
"87","古典音乐与弗朗明戈的碰撞","angelidevil",1407888000,"[无简介]",1489,45,2,1,"[""酒吧"",""古典"",""放松""]",10,8,26,12,"否","否","是","否","否","否","否","否","否","否","否","否","否","否","否","否","否","否","否","否","否","否","否",0,"否","否","否","否","否","否","否","否","否","否","否","否","否","否","否","否","否","否","否","否","否","否","否","否","否","否","否","否","否","否","否","否","否","否","否","否",11,0,"否","否","否","是","否","否","否",7.30586003268401,3
"88","孩子们的野餐游乐场","爵士当铺",1438128000,"<b>介绍：</b>孩子们的夏季野餐游乐音乐。包含了英语，西语，法语，欢快的歌曲适合孩子们的运动和舞蹈。<br>",2451,82,2,0,"[""运动"",""旅行"",""快乐""]",9461,9,83,9,"否","否","否","否","否","否","否","否","否","否","否","否","否","否","否","否","否","否","否","否","否","否","否",56,"否","是","是","否","否","否","否","否","否","否","否","否","否","否","否","否","否","否","否","否","否","否","否","否","否","否","否","否","否","否","否","否","否","否","否","否",12,0,"是","是","否","否","是","是","否",7.80425138352811,3
"89","黑帮暴徒说唱","OversG",1434844800,"[无简介]",10931,195,1,4,"[""欧美"",""兴奋"",""说唱""]",5878,10,47,6,"否","否","是","否","否","否","否","否","否","否","否","否","否","否","否","否","否","否","否","否","否","否","否",0,"否","否","否","否","否","否","否","否","否","否","否","否","否","否","否","否","是","否","否","否","否","否","否","否","否","否","否","是","否","否","否","否","否","否","否","否",33,0,"是","否","否","否","是","否","否",9.29935806829384,3
"90","华丽的邂逅：当三拍子遇上手风琴","文青协会会长",1444003200,"<b>介绍：</b>三拍子的音乐节奏感更明确，两拍子仅强弱对比各人感觉相对单一。手风琴声音宏大，音色变化丰富，手指与风箱的巧妙结合，能够演奏出多种不同风格的乐曲，这是许多乐器无法比拟的；除了独立演奏外，也可参加重奏、合奏，可以说一架手风琴就是一个小型乐队。 当浪漫的手风琴邂逅优雅的三拍子，将碰撞出怎样的火花？<br>",8827,270,7,8,"[""轻音乐"",""器乐"",""古典""]",3171,8,28,15,"否","否","否","否","是","否","否","否","否","否","否","否","否","否","否","否","否","否","否","否","否","否","否",159,"否","是","否","否","否","否","否","是","否","否","否","否","否","是","否","否","否","否","否","否","否","否","否","是","否","是","否","否","否","否","否","否","否","否","否","否",54,1,"否","否","否","是","否","否","否",9.08557048502023,3
"91","黄霑狮子山下演唱会","荷香蛋卷音乐室",1438128000,"<b>介绍：</b>香港著名作家、词曲家。先前从业广告、电影、作曲。任过香港电视台、电台主持人。为电影、电视剧、歌手、演员作品、导演作品、文学创作、古装歌舞剧、综艺晚会写过歌词。与金庸、倪匡、蔡澜一起被称为“香港四大才子”，又与倪匡、蔡澜一同被称为“香港三大名嘴”。写出2000多首歌曲，其中《上海滩》《沧海一声笑》《狮子山下》《问我》《我的中国心》为“经典中的经典”，被冠以“流行歌词宗匠”，是香港流行文化的代表。伴随着香港电影《英雄本色》《倩女幽魂》《青蛇》《黄飞鸿》《梁祝》陆续走红，黄沾的词曲也传遍了华语地区。黄沾的词作品是他侠义精神与人生哲学结合的最佳体现。<br>个人基本信息<br>黄沾（同沾，与曹雪芹同名）（1941年3月16日－2004年11月24日），原名黄湛森，英文名James.J.S.Wong。香港著名作家、词曲家。1941年广州出生；有八兄弟姊妹，他排行第六。1949年随父母移民香港；早年入读喇沙书院，后升读港大，1963年毕业于港大中文系；先前从业广告、电影、作曲。任过香港电视台、电台主持人。与金庸、倪匡、蔡澜一起被称为“香港四大才子”，又与倪匡、蔡澜一同被称为“香港三大名嘴”。写出2000多首歌曲，其中《上海滩》《沧海一声笑》《狮子山下》《问我》《我的中国心》为“经典中的经典”，被冠以“流行歌词宗匠”，是香港流行文化的代表。 于七、八十年代创作众多电视剧主题曲，揭起粤语流行曲热潮。当中相当多的成功作品都是由顾嘉辉作曲、黄沾作词。这个后来被称作“辉黄”的组合至今仍为人津津乐道。后来顾嘉辉移居加拿大，黄沾亦因病退出乐坛。《家变》《狂潮》《强人》《大亨》《抉择》《风云》《射雕英雄传》这些电视剧的主题曲都是黄沾的佳作。那个时期，可以不夸张地说，香港的每个角落、每个人唱的都是他填词的歌。从此他走上了自己填词生涯的高峰，渐渐开始为电影作词作曲，伴随着香港电影《英雄本色》《倩女幽魂》《青蛇》《黄飞鸿》《梁祝》陆续走红，黄沾的词曲也传遍了华语地区。黄沾的词作品是他侠义精神与人生哲学结合的最佳体现，词坛小生林夕在点评黄沾时说：“以文言笔法写词有如行钢线，一不小心便会一面倒。只有学贯五经才能欣赏。”至今，他仍然是香港歌坛公认的“词坛教父”。2004年11月24日凌晨四时五十分左右，于香港逝世。顾嘉辉亦有回港拜祭他。<br>热门歌曲<br>沧海一声笑、 随遇而安、<br>",2905,69,1,0,"[""华语"",""流行""]",611,10,426,9,"否","否","否","否","否","否","否","否","否","否","否","否","否","否","否","否","否","否","否","否","否","否","否",1003,"否","否","是","否","否","否","是","否","否","否","否","否","否","否","否","否","否","是","是","否","否","否","否","否","否","否","否","否","否","否","否","否","否","否","否","否",20,0,"否","否","否","是","否","否","否",7.97418866928601,3
"92","黄霑写的那些歌","彼岸之声",1373846400,"<b>介绍：</b>黄霑 老歌 经典<br>",7721,183,7,4,"[""华语"",""流行"",""怀旧""]",26,8,45,7,"否","否","否","否","否","否","否","否","否","否","否","否","否","否","否","否","否","否","否","否","否","否","是",22,"否","否","否","否","否","否","否","否","否","否","否","否","否","否","否","否","否","是","是","否","否","否","否","否","否","否","否","否","否","否","否","否","否","是","否","否",91,11,"否","否","否","是","否","否","否",8.95169916830882,3
"93","精选Bass House一脚一油门?秋名山等你","名柯森就我一个",1497312000,"<b>介绍：</b>无论你车技在好 当Bass house曲风一响 我一脚一油门 无人能敌 <br>不服的人 我在秋名山等你<br>Bass house比Future house节奏感还要强 抖腿 甩头必备<br><br>",330,16,10,5,"[""电子"",""流行"",""舞曲""]",7126,8,17,23,"是","否","否","否","否","否","是","否","否","否","否","否","否","是","否","否","否","否","否","否","否","否","否",111,"否","否","否","否","否","否","否","否","否","否","否","否","否","是","否","否","否","是","否","是","否","否","否","否","否","否","否","否","否","否","否","否","否","否","否","否",36,0,"是","否","否","否","是","否","否",5.79909265446053,3
"94","爵士名家 ◆ 爵士小号 Chris Botti","大象与蚂蚁",1397001600,"<b>介绍：</b>曾经被美国《人物》杂志评为“全球五十大美男子”之一的克里斯·波提以俊秀的外型和高超的技巧被广大乐迷所追捧。美国著名音乐人大卫·福斯特(David Foster)推崇他的演奏具有迈尔斯·戴维斯(Miles Davis)的特色与切特·贝克(Chet Baker)的性感。<br>",14075,445,8,4,"[""欧美"",""爵士"",""器乐""]",8811,10,180,23,"是","否","否","否","否","否","否","否","否","否","否","是","否","否","否","否","否","否","否","否","否","否","否",147,"否","是","否","否","否","否","否","否","否","否","否","否","否","否","否","否","是","否","否","否","否","否","否","否","否","是","否","否","否","否","否","否","否","否","否","否",11,0,"是","否","否","否","是","否","否",9.55215545300789,3
"95","可爱的西语歌","MarcyChan",1428537600,"<b>介绍：</b>对耶我确实是比较喜欢西语男声呢（朋友说这个歌单有黄瓜味还是乐事薯片那种黄瓜）<br>",8759,195,3,4,"[""小语种"",""拉丁""]",39,7,11,6,"否","否","否","否","否","否","否","否","否","否","否","否","否","否","否","否","否","否","否","否","否","否","否",52,"是","否","否","是","否","否","否","否","否","否","否","否","否","否","否","否","否","否","否","否","否","否","否","否","否","否","否","否","否","否","否","否","否","否","否","否",32,0,"否","否","否","是","否","否","否",9.07783702216309,3
"96","魁北克民谣","爵士当铺",1439251200,"<b>介绍：</b>魁北克传统民谣<br>",1607,53,1,1,"[""民族"",""放松""]",9461,9,83,5,"否","否","是","否","否","否","否","否","否","否","否","否","否","否","否","否","否","否","是","否","否","否","否",21,"否","否","否","否","否","否","否","否","否","否","否","否","否","否","否","否","否","否","否","否","否","否","否","否","否","否","否","否","否","否","否","否","是","否","否","否",11,0,"是","是","否","否","是","是","否",7.38212436573751,3
"97","来自全球咖啡产地的歌谣II","爵士当铺",1439251200,"<b>介绍：</b>本辑继承第一张，依然收录了世界三大咖啡产地的现代歌谣：中南美洲、非洲、及太平洋群岛等十二个国家；不过这一张似乎没有上一张优秀，闻不到咖啡的香气...<br>",1086,59,1,0,"[""下午茶"",""民族"",""拉丁""]",9461,9,83,13,"是","否","否","否","否","否","否","是","否","否","否","否","否","否","否","否","否","否","否","否","否","否","否",88,"否","否","否","否","否","否","否","否","否","否","否","否","是","否","否","否","否","否","否","否","否","否","否","否","否","否","否","否","否","否","否","否","是","否","否","否",11,0,"是","是","否","否","是","是","否",6.99025650049388,3
"98","冷门高品质--Part.1","完美的灵魂",1459036800,"<b>介绍：</b>这个系列歌曲，永远不会太多，单子里永远21首，攒够21首就发。via独行的灵魂#NO.481<br>",14644,266,6,5,"[""欧美""]",44003,10,503,13,"是","否","否","否","否","否","否","否","否","否","否","否","否","否","否","否","否","否","否","否","否","否","否",60,"否","否","是","否","否","否","否","否","否","否","否","否","否","否","否","否","是","否","否","否","否","否","否","否","否","否","否","否","否","否","否","否","否","否","否","否",21,0,"是","否","否","否","是","否","否",9.59178597424013,3
"99","冷艳欧洲酒吧音乐","双鱼脆脆",1476576000,"<b>介绍：</b>如果说摇滚是一群人的呐喊，嘻哈是一群人的狂欢，电音就是一个人的释放。一单收集欧洲冷艳迷幻风格的lounge电音、电爵。<br><br>入选组合：<br><br>（1）德国电子双人组合Naomi，百分百有着人性的好听电音；冷艳梦幻氛围。<br><br>（2）德国最受欢迎的Jazzamor，电子缓拍中弥散着BossaNova的舒适氛围。 <br><br>（3）奥地利电子组合Waldeck。创立人Klaus Waldeck之前是版权律师。（超喜欢他们后期的电爵风）<br><br>（4）挪威的3-11porter，高冷的北欧lounge风格；他们的音乐总能触发某种情绪。<br><br>（5）SaintPrivat 圣.佩瓦，奥地利电子音乐人克罗斯.瓦德克2002年创立，乐队得名于主唱生活的法国南方小镇。<br><br>（6）其他：选自法国著名DJ为巴黎五星级酒店Hotel Costes打造的同名Lounge音乐系列。巴黎时尚音乐，营造炫烂浮华，暧昧暖意的氛围。<br><br>有好听的再添加<br>",2783,75,5,0,"[""电子"",""酒吧"",""放松""]",7401,9,146,8,"否","否","否","是","否","否","否","否","否","否","否","否","否","否","否","否","否","否","否","否","否","否","否",461,"否","是","否","是","否","否","否","是","否","否","否","否","否","否","是","是","否","否","否","是","否","否","否","否","否","否","否","否","否","否","否","否","否","否","否","否",27,0,"是","否","否","否","是","否","否",7.93128476152589,3
"100","灵魂歌王 雷.查尔斯","老乔-如歌",1476489600,"<b>介绍：</b>雷·查尔斯（英语：Ray Charles，1930年9月23日－2004年6月10日），本名雷·查尔斯·鲁滨逊（Ray Charles Robinson），七岁失明，美国灵魂音乐家、钢琴演奏家，是节奏布鲁斯音乐的先驱。他是第一批被列入摇滚名人堂的人物之一，《滚石杂志》亦把他列为“100个最伟大的艺人”中的第10位；法兰克·辛纳屈称他为“音乐界唯一的天才”。<br>",620,21,1,0,"[""欧美"",""爵士"",""蓝调""]",2196,10,655,10,"否","否","否","否","否","否","否","否","否","否","否","否","否","否","否","否","否","否","否","否","否","否","否",193,"否","是","否","否","否","否","否","否","否","否","否","否","否","是","否","否","是","否","否","否","否","否","否","否","否","否","否","否","否","否","否","否","否","否","否","否",67,2,"否","否","否","是","否","否","否",6.42971947803914,3
"101","灵魂乐歌后ArethaFranklin","双鱼脆脆",1472342400,"<b>介绍：</b>??艾瑞莎·弗兰克林（1942～）。 灵魂歌后Queen Of Soul，几十年演唱生涯中获奖无数，包括21座葛莱美奖，尤其节奏蓝调的项目似乎就专为她设置，另外终生成就奖、第一位女性艺人进入摇滚名人殿堂者也唯有艾瑞莎·弗兰克林！ <br><br>60年代，大部分灵魂演唱家的主要听众仍是黑人，也许偶尔会进入白人市场。弗兰克林则不同，她没有改变灵魂乐的特色，却在黑人和白人中都拥有大量听众。她的音域很宽，常常可以充满激情地从很低的女低音快速转向喊叫式福音歌女高音。<br><br>她演唱了七十多首流行单曲与近百首节奏蓝调单曲，Chain Of Fools&quot;、&quot;Share Your Love With Me&quot;、&quot;Think&quot;、&quot;Spanish Harlem&quot;、&quot;Until You Come Back To Me&quot;…都是节奏蓝调榜的冠军曲。<br>",1015,23,1,0,"[""R&amp;B/Soul""]",7401,9,146,19,"是","否","否","否","否","否","否","否","否","否","否","否","否","否","否","否","否","否","否","否","否","否","否",428,"否","否","否","否","否","否","否","否","是","否","否","否","否","是","否","否","否","否","否","否","否","否","否","否","否","否","否","否","否","否","否","否","否","否","否","否",20,0,"是","否","否","否","是","否","否",6.92264389147589,3
"102","零之使魔oped","乙坂奈緒",1392422400,"<b>介绍：</b>山口老师死的太早啊。。。感觉好听得只有I SAY YES呢，有爱自取～<br>",11372,217,2,4,"[""日语"",""ACG"",""怀旧""]",310,7,73,8,"是","否","否","否","否","否","否","否","否","否","否","否","否","否","否","否","否","否","否","否","否","否","否",49,"否","否","否","否","否","否","否","否","否","否","否","否","否","否","是","否","否","否","否","否","是","是","否","否","否","否","否","否","否","否","否","否","否","是","否","否",7,0,"否","否","否","是","否","否","否",9.33890947277089,3
"103","伦巴弗拉门戈","爵士当铺",1438041600,"<b>介绍：</b>伦巴弗拉门戈，此专辑探索了发源于上世纪九十年代西班牙等地的新弗拉门戈：带有拉丁、爵士、萨尔萨等风格的弗拉门戈音乐，可是说是一份当代西班牙音乐掠影。<br>",4018,95,2,0,"[""世界音乐"",""拉丁"",""性感""]",9461,9,83,6,"否","否","否","否","否","否","否","否","否","否","否","否","否","否","否","否","否","否","否","否","否","否","否",87,"否","是","否","否","否","是","否","是","否","否","否","否","否","否","否","否","否","否","否","否","否","否","否","否","否","否","否","否","否","否","否","否","否","否","否","否",13,0,"是","是","否","否","是","是","否",8.29853954537488,3
"104","萌妹南国风ACG精选","七分融雪",1400976000,"<b>介绍：</b>主要以拉丁南国曲风为主。如新发现，随时更新。<br>",13522,496,7,21,"[""日语"",""拉丁"",""ACG""]",15974,8,107,10,"是","否","是","否","否","是","是","否","否","否","否","否","否","是","否","否","否","否","否","否","否","否","否",36,"否","否","否","否","否","否","否","否","否","否","是","否","否","否","否","否","否","否","否","否","是","是","否","否","否","否","否","否","否","否","否","否","否","否","否","否",27,0,"是","否","否","否","是","否","否",9.51207326765062,3
"105","萌妹纸什么的人家才不是呢，哼！","爱沫飘梦",1424563200,"<b>介绍：</b>连续下去也没关系哦，早晚会将你融化的~^o^~<br>",19027,660,6,44,"[""日语"",""影视原声"",""ACG""]",8439,8,106,15,"否","否","否","否","否","是","否","否","否","否","否","否","否","否","否","否","否","否","否","否","否","否","否",37,"否","否","否","否","否","否","否","否","否","否","否","否","否","否","否","否","否","否","否","否","是","是","否","否","否","否","否","否","否","否","否","是","否","否","否","否",86,1,"是","否","否","否","是","否","否",9.8536143020404,3
"106","萌萌哒的萝莉卖萌魔曲","紫色的雨季",1447977600,"<b>介绍：</b>萌之魔性、无形洗脑、绕耳不绝。收录节奏略轻缓<br>",792,59,2,2,"[""日语"",""兴奋"",""ACG""]",674,9,43,10,"否","否","否","否","否","是","否","否","否","否","否","否","否","否","否","否","否","否","否","否","否","否","否",36,"否","否","否","否","否","否","否","否","否","否","否","否","是","是","否","否","否","否","否","否","是","是","否","否","否","否","否","是","否","否","否","否","否","否","否","否",93,0,"否","否","否","是","否","否","否",6.67456139181443,3
"107","米娜桑推的软妹TOP20 第2期","七分融雪",1425081600,"<b>介绍：</b>来自各位在朋友圈推荐的ACG软妹歌曲合集，排名不分先后，当然里面也混了些咱自己的推荐，嘛，以后每隔一段时间就做一期好了，20首的速度太快了- - ，这才几天..<br>",10746,1217,6,17,"[""日语"",""ACG"",""游戏""]",15974,8,107,16,"是","否","否","否","否","否","否","否","否","否","否","否","否","否","否","否","否","否","否","否","否","否","否",94,"否","否","是","否","否","否","否","否","否","否","否","否","否","否","否","否","否","否","否","否","是","是","否","否","否","否","否","否","是","否","否","否","否","否","否","否",20,0,"是","否","否","否","是","否","否",9.28228887128877,3
"108","米娜桑推的软妹TOP20 第6.6期 萌Patch","七分融雪",1439078400,"<b>介绍：</b>嗯，因为第7期还没出收集到20首软声系列歌曲，所以萌系补丁还是算第6期的补丁系列，暂定6.6补丁。<br>",2329,181,4,9,"[""日语"",""ACG"",""游戏""]",15974,8,107,25,"是","否","否","否","否","是","否","否","否","否","否","否","否","否","否","否","否","否","否","否","否","否","否",63,"否","否","是","否","否","否","否","否","否","否","否","否","否","否","否","否","否","否","否","否","是","是","否","否","否","否","否","否","是","否","否","否","否","否","否","否",19,0,"是","否","否","否","是","否","否",7.75319426988434,3
"109","民族融合赏析·柒 | 山水立体结构","元粥粥",1491523200,"<b>介绍：</b>从古至今，有无数文人寄情于山水。竹林深处，嵇康与好友吟诗作对;淡水河边，汪伦与李白依依惜别。山水、蝉鸣、园林、古刹等对于中国人来说，不仅仅是一种风景，更是一种情愫，对于乡愁，对于人生中的欢愉和一切不得志的抒发。这也铸就了山水元素在中国传统文化中不可撼动的地位。<br><br>而今，随着传统文化在大众视野中的逐渐式微，反而像舶来品一样，还好，有这些音乐人，经过他们融合的音乐作品更加立体，更加饱满，再次让我们感受到那种“姑苏城外寒山寺，夜半钟声到客船”的山水情愫和古意。<br><br>制作：西子貝、元粥粥<br>文案：西子貝<br>封面：西子貝<br>",540,51,8,5,"[""电子"",""民族"",""器乐""]",8722,8,67,17,"否","否","是","否","否","否","否","否","否","否","否","否","否","否","否","否","否","否","否","否","否","否","否",287,"否","是","否","否","是","否","否","否","否","否","否","否","否","否","否","否","否","否","否","是","否","否","否","否","否","是","否","否","否","否","否","否","是","否","否","否",18,0,"是","否","否","否","是","否","否",6.29156913955832,3
"110","摩登舞曲；标准舞曲；体育舞蹈；","野孩行",1430438400,"<b>介绍：</b>网易云上听到的摩登舞曲，话说挺少的，还是我没有找到<br>",19209,524,12,2,"[""舞曲"",""运动""]",26,9,47,15,"否","否","是","否","否","否","否","否","否","否","否","否","否","否","否","否","否","否","否","否","否","否","否",39,"否","否","否","否","否","否","否","否","否","否","否","否","否","否","否","否","否","否","否","否","否","否","否","否","否","否","否","否","否","否","否","否","否","否","否","否",44,3,"否","否","否","是","否","否","否",9.86313419818691,3
"111","摩尔多瓦吉普赛小提琴?Sergei?Trofanov","yuyaran",1408752000,"<b>介绍：</b>花样年华的插曲一定不会陌生，Sergei Trofanov为吉普赛后裔，出生于前苏联的摩尔多瓦共和国，就读于达克齐尼夫音乐学院，服兵役进了前苏联军队以后，才真正从事小提琴演奏，以后，象他的祖先一样他四处游历演出，由于在音乐的技艺超群，被评为“五星魔幻小提琴家”。<br>",2900,99,1,1,"[""古典"",""民族"",""世界音乐""]",7720,7,154,26,"是","否","否","否","是","否","否","否","否","否","否","否","否","否","否","否","否","否","否","否","否","否","否",145,"否","是","否","否","否","否","否","否","否","否","否","否","否","否","否","否","否","否","否","否","否","否","否","否","否","否","否","否","否","否","否","否","是","否","否","否",25,0,"是","否","否","否","是","否","否",7.97246601597457,3
"112","摩洛哥迷踪","爵士当铺",1421107200,"<b>介绍：</b>中东与北非融合而成的沉思迷幻音乐，基调是伊斯兰民乐，仿佛走进神秘的1001夜的故事中...<br>",7142,167,5,8,"[""夜晚"",""世界音乐"",""怀旧""]",9461,9,83,5,"否","否","否","否","否","否","否","否","否","否","否","否","否","否","否","否","否","否","否","否","否","否","否",59,"否","是","否","否","否","否","否","否","否","否","否","否","否","否","否","否","否","否","否","否","否","否","否","否","否","否","否","否","否","否","否","否","否","是","否","否",12,0,"是","是","否","否","是","是","否",8.87374812815439,3
"113","南太平洋 South Pacific","莎士比亚书店",1425772800,"<b>介绍：</b>BBC摄制队于不同岛屿发现了南太平洋一系列令人赞叹的自然景观，包括难得一见的海底火山爆发、壮丽的宝石珊瑚礁、虎鲨猎获信天翁的一刻以及能撕开椰子的陆上巨蟹<br><br>在一些被隔离的孤岛上，更发现了特别进化的食肉毛虫、有耐寒能力的吸血虫、交配时会发出像牛蛙一样叫声的怪叫鹦鹉、及尾巴像猴子尾的小蜥蜴。南太平洋的土著是地球上最僻远的人类社会，他们会为大家细说祖先们是如何由千里多外迁徙到岛上定居。时至今日，当地居民仍依赖庄稼和捕猎为生，他们拥有独特生存技巧及保留了一些奇异的风俗仪式。<br><br>南太平洋是太平洋南部的海域，远离大陆的洋面上星罗棋布多达2万余个岛屿。这里也许是地球上最偏僻的地方，海洋的隔绝造就了地球上所特有的生态景象，从撕扯掉椰子的大蟹；到把猎物钉在匕首般爪子上食肉毛虫的自然生态；从高高的木制脚手架上纵身鱼跃来庆祝他们每年的收获；<br><br>土著部落将年轻的战士变成鳄鱼人的成人仪式的人文景观……你还将通过镜头看到海底火山爆发时的影像，虎鲨远行数百里去享用刚会飞翔的信天翁幼雏的盛宴等终身难得一见的宏伟景象。<br><br>南太平洋的新西兰超级富饶的海岸支撑着庞大的特技专家——海豚群，它的珊瑚礁是地球上最丰富多样的。<br><br>没有几个地方的野生动物比古怪的加拉帕戈斯群岛更丰富的，是热带企鹅和冲浪高手海狮的发源地。<br><br>片中始终贯穿着最大的海难故事——令人鼓舞的莫比·迪克的事件，揭示出在这片看似蔚蓝的大海里巨大的生存挑战。<br><br>第1集 众岛之洋<br>第2集 漂流者的天堂<br>第3集 无尽蔚蓝<br>第4集 火山列岛<br>第5集 怪异的岛屿<br>第6集 脆弱的天堂<br>",3266,125,2,4,"[""欧美"",""放松"",""影视原声""]",38217,10,906,18,"是","否","否","否","否","否","否","否","否","否","否","否","否","否","否","否","否","否","否","否","否","否","否",728,"否","否","否","否","否","否","否","否","否","否","否","否","否","否","否","否","是","否","否","否","否","否","否","否","否","否","否","否","否","否","否","是","否","否","否","否",27,0,"是","否","否","否","是","否","否",8.09132127353041,3
"114","南太平洋群岛民乐","爵士当铺",1438128000,"<b>介绍：</b>世界音乐厂牌 Putumayo 第 126 张唱片《南太平洋群岛》，收录世面上少见的南太平洋岛国音乐。专辑并未选择传统的部落音乐，而是展示了当地传统音乐表现的当代民歌。<br>",2392,95,3,6,"[""旅行"",""世界音乐"",""治愈""]",9461,9,83,8,"否","否","否","否","否","否","否","否","否","否","否","否","否","否","否","否","否","否","否","否","否","否","否",98,"否","是","否","否","否","是","否","否","否","否","否","否","是","否","否","否","否","否","否","否","否","否","否","否","否","否","是","否","否","否","否","否","否","否","否","否",11,0,"是","是","否","否","是","是","否",7.77988511507052,3
"115","欧美节奏鼓点精选│ Vol.1","活在水里的猫",1465776000,"[无简介]",8814,100,1,0,"[""欧美"",""流行""]",12275,10,39,15,"是","否","是","否","是","是","是","是","否","否","否","否","否","是","是","否","是","否","否","否","否","否","否",0,"否","否","否","否","否","否","否","否","否","否","否","否","否","否","否","否","是","是","否","否","否","否","否","否","否","否","否","否","否","否","否","否","否","否","否","否",8,0,"是","否","否","否","是","否","否",9.08409664540193,3
"116","帕瓦罗蒂和盆友们","双鱼脆脆",1476230400,"<b>介绍：</b>老帕与蓝调歌手、爵士歌手、摇滚歌手一起愉快地玩。<br><br>（为保持老帕的绝对优势和歌单的曲风一致，老帕与蓝调王BB.King的合作神曲移到BB.King的歌单里了；老金的烟嗓也是太有气势，老帕也占不了多少优势）<br>",750,44,1,2,"[""经典""]",7401,9,146,8,"否","否","否","否","否","否","否","否","否","否","否","否","否","否","否","否","否","否","否","否","否","否","否",122,"是","否","否","否","否","否","是","否","否","否","否","否","否","否","否","否","否","否","否","否","否","否","否","否","是","否","否","否","否","否","否","否","否","否","否","否",16,0,"是","否","否","否","是","否","否",6.62007320653036,3
"117","齐木楠雄的灾难","Raja-Nidhogg",1472083200,"<b>介绍：</b>ohoo～ここみ～<br>",16324,142,1,2,"[""日语"",""ACG"",""校园""]",173,10,226,7,"否","否","否","否","否","否","否","否","否","否","否","否","否","否","否","否","否","否","否","否","否","否","否",23,"否","否","否","否","否","否","否","否","否","否","否","否","否","否","否","否","否","否","否","否","是","是","否","否","否","否","否","否","否","否","否","否","否","否","否","否",10,0,"否","否","否","是","否","否","否",9.7003916965257,3
"118","骑上哈雷，穿越沙漠","小狗核",1431648000,"<b>介绍：</b>老式摇滚情怀<br>",1006,11,2,1,"[""旅行"",""摇滚"",""兴奋""]",12,8,7,9,"否","否","否","否","否","否","否","否","否","否","否","否","否","否","否","否","否","否","否","否","否","否","否",20,"否","否","否","否","否","否","否","否","否","否","否","否","否","否","否","否","否","否","否","否","否","否","否","否","否","否","否","是","否","否","否","否","否","否","否","是",15,0,"否","否","否","是","否","否","否",6.91373735065968,3
"119","骑上摩托驰骋在路上（电吉他篇）","biangbiangS",1423440000,"<b>介绍：</b>听歌前请自行脑补 开辆美式哈雷在美国高速上.<br>",4707,93,3,1,"[""摇滚"",""吉他"",""驾车""]",17,9,7,15,"否","否","否","否","是","否","否","否","否","否","否","否","否","否","否","否","否","否","否","否","否","否","否",36,"否","否","否","否","否","否","否","否","否","否","否","否","否","否","否","否","否","否","否","否","否","否","否","否","否","否","否","否","否","否","否","否","否","否","否","是",15,0,"否","否","否","是","否","否","否",8.45680604140114,3
"120","轻音乐 α波 潜意识疗法 元气恢复","擂钵",1366156800,"<b>介绍：</b>α脑波音乐之元气恢复，达到学习工作的最好状态。<br>",15085,480,4,5,"[""轻音乐"",""学习"",""工作""]",77,6,9,17,"否","否","否","否","否","否","否","否","否","否","否","否","否","否","否","否","否","否","否","否","否","否","否",37,"否","是","否","否","否","否","否","否","否","否","否","否","否","否","否","否","否","否","否","否","否","否","否","是","否","否","否","否","否","否","否","否","否","否","否","否",7,0,"否","否","否","是","否","否","否",9.62145615159316,3
"121","情迷独特的磁性男声 圣诞暖??特辑","小翰子",1419206400,"<b>介绍：</b>醇厚磁性男声+真情的无言倾诉+感人之肺腑的歌词 =不可错过的无可比拟的磁性男声辑. 【ps:祝大家圣诞快乐，心想事成!】<br>",17222,1009,16,33,"[""欧美"",""性感"",""夜晚""]",57184,10,168,17,"否","否","是","否","否","否","否","否","否","否","否","否","否","否","否","否","否","否","否","否","否","否","否",74,"否","否","否","否","否","否","否","否","否","否","否","否","否","否","否","否","是","否","否","否","否","否","否","否","否","否","否","否","否","否","否","否","否","否","否","否",42,1,"是","否","否","否","是","否","否",9.75394291525611,3
"122","全国夜店精选 Club Remixs丶","shikEkk-",1475452800,"<b>介绍：</b>电音<br>",11208,139,10,1,"[""欧美"",""电子"",""酒吧""]",776,9,15,19,"是","否","否","否","否","否","是","否","否","否","否","否","否","是","否","否","否","否","否","否","否","否","否",16,"否","否","否","否","否","否","否","否","否","否","否","否","否","否","否","是","是","否","否","是","否","否","否","否","否","否","否","否","否","否","否","否","否","否","否","否",998,86,"否","否","是","否","否","否","是",9.32438308801684,3
"123","桑巴巴萨诺瓦","爵士当铺",1438041600,"<b>介绍：</b>桑巴巴萨诺瓦，巴西新音乐从世纪之初开始活跃，Putumayo 这张唱片正是展示与以往不同的桑巴和巴萨诺瓦音乐。虽然专辑缺少某些知名艺人的参与，歌曲本身也不是十足优秀，这张选集带来的面貌一新的巴萨诺瓦依然值得一听。<br>",5177,82,1,0,"[""旅行"",""世界音乐"",""Bossa Nova""]",9461,9,83,6,"否","否","否","否","否","否","否","否","否","否","否","否","否","否","否","否","否","否","否","否","否","否","否",120,"否","是","是","否","否","是","否","否","否","否","否","否","否","否","否","否","否","否","否","否","否","否","否","否","否","否","否","否","否","否","否","否","否","否","否","否",11,0,"是","是","否","否","是","是","否",8.5519810169019,3
"124","绅士的自我修养","史莱姆骑士",1422230400,"<b>介绍：</b>我要循环！不要拦着我！主要是想做爱马仕的单曲精选<br>",5414,355,2,9,"[""日语"",""ACG"",""游戏""]",8227,10,200,7,"否","否","否","否","否","否","否","否","否","否","否","否","否","否","否","否","否","否","否","否","否","否","否",38,"否","否","否","否","否","否","否","否","否","否","否","否","否","否","否","否","否","否","否","否","是","是","否","否","否","否","否","否","是","否","否","否","否","否","否","否",238,4,"是","否","否","否","是","否","否",8.59674347017425,3
"125","深夜爵士1-灵魂安放的时光","双鱼脆脆",1472256000,"<b>介绍：</b>深夜，灵魂安放的时光。器乐为主，偏安静。（安静的爵士曲往往心浮气躁时听不进，神定气闲时听不懂，却是午夜清醒沉思时的良伴）<br>",3505,126,2,0,"[""爵士""]",7401,9,146,13,"否","否","否","否","否","否","否","否","否","否","否","是","否","否","否","否","否","否","否","否","否","否","否",74,"否","否","否","否","否","否","否","否","否","否","否","否","否","否","否","否","否","否","否","否","否","否","否","否","否","否","否","否","否","否","否","否","否","否","否","否",31,13,"是","否","否","否","是","否","否",8.16194579946869,3
"126","深夜爵士2-与影子一起舞蹈","双鱼脆脆",1475452800,"[无简介]",1048,86,2,1,"[""爵士""]",7401,9,146,13,"否","否","否","否","否","否","否","否","否","否","否","是","否","否","否","否","否","否","否","否","否","否","否",0,"否","否","否","否","否","否","否","否","否","否","否","否","否","否","否","否","否","否","否","否","否","否","否","否","否","否","否","否","否","否","否","否","否","否","否","否",19,2,"是","否","否","否","是","否","否",6.95463886488099,3
"127","深夜食堂2（小林薰主演电影）","千雪酱-喵喵喵makimakima希希希-",1500422400,"<b>介绍：</b>深夜食堂，就是都市里所有疲惫的人们都向往的喘息之所。生活，就应该像风铃发出的响声一样清脆呀！<br>亲情，友情，爱情，在这部电影中一一体现，相互交融，交织在一起。在这部电影中，我们会慢慢感受到来自别人的温暖，来自亲人的，爱人的，陌生人的。电影也如同煮菜一般。慢慢进入高潮，没有过多的波澜起伏，没有多么华丽的特效，没有华丽的背景。但是配上那动人的背景音乐，却足以直逼我们的内心。给现代人阴暗的心灵，给予一丝光明。光明虽弱，却足以照亮前程。总的来说，这部电影情节上，平淡中带着少许波澜，朴素中又流露出真情。这就是我们的人生啊。一点点善举或许就可以温暖别人的心灵，带领别人走出阴暗，走出困境。这一个小善举，不是为了什么回报，而是为了可以让这个善举可以继续延续下去，温暖更多人，乃至千千万万人。一个人的力量虽然薄弱，但不断延续下去那也是一个不可小觑的力量。情到深处，不禁潸然泪下。<br>",855,20,3,1,"[""日语"",""治愈"",""感动""]",483,8,149,14,"否","否","是","否","否","否","否","否","否","否","否","否","否","否","否","否","否","否","否","否","否","否","否",400,"否","是","否","否","否","否","否","否","否","否","否","否","否","否","否","否","否","否","否","否","否","是","否","否","否","否","是","否","否","否","否","否","否","否","否","否",7,0,"否","否","否","是","否","否","否",6.75110146893676,3
"128","生命乐章--BBC纪录片《The Hunt》原声大碟","猫猫咪娅",1459468800,"<b>介绍：</b>David Attenborough再次联合BBC于2015年推出全新纪录片《The Hunt 猎捕》，由《行星地球》团队倾力打造，全方位展现动物在觅食过程中的戏剧性一刻，并首次披露南美水濑、座头鲸的猎食行为，更借用了电影、戏剧中的片段，力求给观众一个具有说服力的印象。<br>摄制组的足迹遍布雨林，冻土层，海洋，草原，极地，典型生态环境一网打尽，还记录了各路科学家以及环保人士对保护濒危动物所做出的努力。<br>由《地心引力》的作曲家Steven Price作曲。<br><br>本系列将BBC自然纪录片带到全新的高度：鸟瞰航拍水下特写等极致摄影技术，电影式的剪辑手法和Steven Price作曲，加上大卫爵爷的旁白，其故事性和悬念性俨然是一部好莱坞大片。<br><br>在此为大家奉上高清原版原声大碟，和大家一起分享这一趟震撼的猎捕之旅。<br>",6995,413,5,4,"[""影视原声""]",6,8,7,26,"是","否","否","否","否","否","否","否","否","否","否","否","否","否","否","否","否","否","否","否","否","否","否",386,"否","否","否","否","否","否","否","否","否","否","否","否","否","否","否","否","否","否","否","否","否","否","否","否","否","否","否","否","否","否","否","是","否","否","否","否",35,0,"否","否","否","是","否","否","否",8.85295088709958,3
"129","世界音乐索引地图【Putumayo厂牌】","大象与蚂蚁",1398902400,"<b>介绍：</b>成立于美国【Putumayo World Music】唱片公司，是一家专门以出版世界音乐的唱片公司厂牌。自1993年开始了唱片公司的经营。十多年多来的辛苦耕耘下，慢慢地成长茁壮，已经成为全球重要的世界音乐厂牌之一。本歌单为世界音乐专辑索引歌单，每张专辑，精选一首最佳歌曲入歌单！<br>",15778,598,17,21,"[""世界音乐"",""欧美"",""民谣""]",8811,10,180,20,"是","否","否","否","否","否","否","是","否","否","否","否","是","否","否","否","否","否","否","否","否","否","否",153,"是","是","是","否","否","是","否","否","否","否","否","否","否","否","否","否","是","否","否","否","否","否","否","否","否","否","否","否","否","否","否","否","否","否","否","否",84,0,"是","否","否","否","是","否","否",9.66637184365504,3
"130","世界音乐之【吉普赛音乐】","大象与蚂蚁",1398902400,"<b>介绍：</b>世界音乐系列之一。更多内容见《世界音乐之旅索引地图》歌单。<br>",19524,573,7,8,"[""小语种"",""民族"",""世界音乐""]",8811,10,180,12,"否","否","否","否","否","否","否","是","否","否","否","否","是","否","否","否","否","否","否","否","否","否","否",43,"是","是","否","否","否","否","否","否","否","否","否","否","否","否","否","否","否","否","否","否","否","否","否","否","否","否","否","否","否","否","否","否","是","否","否","否",11,0,"是","否","否","否","是","否","否",9.87939975700704,3
"131","谁在月下吟唱一曲悠扬，响彻星空","污秽的摇篮丶",1442620800,"<b>介绍：</b>如同大自然群星灿烂。那最早闪现的，未必是最亮的星宿。有的星宿孤独地燃烧着，熄灭了，很久很久以后，它的光才到达我们的眼睛——是谁曾在月下吟唱着悠扬的歌声，回荡于山谷，响彻星空……<br>",2745,35,17,0,"[""夜晚"",""New Age"",""放松""]",2332,9,27,15,"否","否","否","否","否","否","否","否","否","否","否","否","否","否","否","否","否","否","否","否","否","否","否",102,"否","否","否","否","否","否","否","否","否","否","否","否","否","否","否","否","否","否","否","否","否","否","否","否","否","否","否","否","否","否","否","否","否","否","否","否",18,3,"是","否","否","否","是","否","否",7.91753635394363,3
"132","谭咏麟快歌","怀旧的大头",1375056000,"[无简介]",9355,218,1,5,"[""经典"",""怀旧"",""粤语""]",183,10,486,5,"否","否","否","否","否","否","否","否","否","否","否","否","否","否","否","否","否","否","否","否","否","否","否",0,"否","否","否","否","否","否","否","否","否","否","否","否","否","否","否","否","否","否","否","否","否","否","否","否","是","否","否","否","否","否","否","否","否","是","是","否",110,0,"否","否","否","是","否","否","否",9.14366623870819,3
"133","天籁之音【梦幻八音盒】","波波San",1408406400,"<b>介绍：</b>八音盒那仿佛来自天国的声音，总能触及到我们心灵的深处，让人置身于仙境般的感觉，太棒了！\(^o^)/<br>",10276,299,11,9,"[""日语"",""ACG"",""治愈""]",1627,8,16,11,"否","否","否","否","是","否","否","否","否","否","否","否","否","否","否","否","否","否","否","否","否","否","否",64,"否","否","否","否","否","否","否","否","否","否","否","否","否","否","否","否","否","否","否","否","是","是","否","否","否","否","是","否","否","否","否","否","否","否","否","否",19,0,"是","否","否","否","是","否","否",9.23756635822977,3
"134","听到极致的英伦魔性之音","活在水里的猫",1484179200,"[无简介]",2703,38,1,0,"[""欧美"",""流行""]",12275,10,39,11,"否","否","否","否","否","否","是","否","否","否","否","否","否","否","否","否","否","否","否","否","否","否","否",0,"否","否","否","否","否","否","否","否","否","否","否","否","否","否","否","否","是","是","否","否","否","否","否","否","否","否","否","否","否","否","否","否","否","否","否","否",10,0,"是","否","否","否","是","否","否",7.90211754627645,3
"135","偷心 | I Don't Love You Anymore","中極殿大學士",1495843200,"<b>介绍：</b>2004 Closer/偷心 一小時三十三分<br>",10801,291,17,30,"[""电子"",""伤感""]",13260,10,18,29,"是","否","否","否","否","否","否","否","否","否","否","否","否","否","否","否","否","否","否","否","否","否","否",36,"否","否","否","否","否","否","否","否","否","否","否","否","否","否","否","否","否","否","否","是","否","否","否","否","否","否","否","否","否","否","否","否","否","否","否","否",24,0,"否","否","否","是","否","否","否",9.28739400141847,3
"136","土耳其 歌曲* Turkish","--唯爱",1462406400,"[无简介]",2863,26,2,0,"[""小语种""]",2366,9,20,15,"是","否","否","否","否","否","否","否","否","否","否","否","否","否","否","否","否","否","否","否","否","否","否",0,"否","否","否","否","否","否","否","否","否","否","否","否","否","否","否","否","否","否","否","否","否","否","否","否","否","否","否","否","否","否","否","否","否","否","否","否",168,0,"否","否","否","是","否","否","否",7.95962530509811,3
"137","维也纳华尔兹篇（摩登舞）","Kenny_23",1466899200,"<b>介绍：</b>摩登舞（国际标准舞）维也纳华尔兹篇，自己练舞最喜欢的一些歌曲。今天只传一些，后续还会上传。<br>",6428,226,14,4,"[""舞曲"",""拉丁"",""世界音乐""]",224,7,12,12,"否","否","否","否","否","否","否","否","否","否","否","否","否","否","否","否","否","否","否","否","否","否","否",59,"否","否","是","是","否","否","否","否","否","否","否","否","否","否","否","否","否","否","否","否","否","否","否","否","否","否","否","否","否","否","否","否","否","否","否","否",28,1,"否","否","否","是","否","否","否",8.7684187268574,3
"138","伪恋里经常听到的的BGM","櫻花飄落之時",1441497600,"<b>介绍：</b>开一个歌单作收藏用...一首一首收藏到喜欢的音乐感觉太麻烦了...（个人整理不代表官方）<br>",13757,555,9,34,"[""校园"",""影视原声"",""ACG""]",44,8,9,12,"是","否","是","否","否","否","否","否","否","是","否","否","否","否","否","否","否","否","否","否","否","否","否",58,"是","是","否","是","否","否","否","否","否","否","否","否","否","否","否","否","否","否","否","否","是","否","否","否","否","否","否","否","否","否","否","是","否","否","否","否",41,0,"否","否","否","是","否","否","否",9.529303064461,3
"139","为张国荣而诞生的音乐","啊哈罗罗",1462320000,"<b>介绍：</b>本歌单含纪念张国荣以及相关影视作品的歌曲，少数特殊翻唱或再次创作，以原创歌曲为主。其中depression为浮夸的前身demo，浮夸的作曲为cykong在听到哥哥逝世的消息时悲怆而作，陈奕迅本想自己填词纪念哥哥，但最终放弃，后由黄伟文改变原曲意境而写浮夸。<br>",3115,113,9,25,"[""流行"",""怀旧"",""思念""]",61,7,9,10,"否","否","否","否","否","否","否","否","否","否","否","否","否","否","否","否","否","否","否","否","否","否","否",142,"是","否","是","否","否","否","否","否","否","否","否","否","否","否","否","否","否","是","否","否","否","否","否","否","否","否","否","否","否","否","否","否","否","是","否","否",46,9,"否","否","否","是","否","否","否",8.04398443122155,3
"140","舞曲 ? 带感","--唯爱",1467158400,"[无简介]",3721,39,1,0,"[""舞曲"",""兴奋"",""流行""]",2366,9,20,7,"否","否","是","否","否","否","否","否","否","否","否","否","否","否","否","否","否","否","否","否","否","否","否",0,"否","否","否","否","否","否","否","否","否","否","否","否","否","否","否","否","否","是","否","否","否","否","否","否","否","否","否","是","否","否","否","否","否","否","否","否",133,0,"否","否","否","是","否","否","否",8.22174772834662,3
"141","希腊语☆你为我点亮一盏灯","Katalaveno",1449273600,"<b>介绍：</b>Τ?ρα μαθα?νω ελληνικ?.<br>I am learning Greek now.<br>我在自学希腊语。<br>更新ing<br>",7399,181,10,11,"[""小语种"",""流行""]",122,9,30,12,"否","否","否","否","否","否","否","否","否","否","否","否","否","否","否","否","否","否","否","否","否","否","否",85,"否","否","否","否","否","否","否","否","否","否","是","否","否","否","否","否","否","是","否","否","否","否","否","否","否","否","否","否","否","否","否","否","否","否","否","否",206,0,"否","否","否","是","否","否","否",8.90910013492555,3
"142","西风涟漪不相识","客行云乐",1467936000,"[无简介]",994,63,4,0,"[""轻音乐""]",9273,10,611,7,"否","否","否","否","否","否","否","否","否","否","否","否","否","否","否","否","否","否","否","否","否","否","否",0,"否","否","否","否","否","否","否","否","否","否","否","否","否","否","否","否","否","否","否","否","否","否","否","是","否","否","否","否","否","否","否","否","否","否","否","否",53,1,"否","否","否","是","否","否","否",6.90173720665657,3
"143","西语-拉美风情?","爱刘嘎嘎爱皇马",1436486400,"<b>介绍：</b>跟着节奏一起跳舞吧，shake ur butt?<br>",6139,61,3,6,"[""小语种"",""快乐"",""雷鬼""]",467,8,27,8,"否","否","否","否","否","是","否","否","否","否","否","否","否","否","否","否","否","否","否","否","否","否","否",38,"否","否","否","否","否","否","否","否","否","否","否","否","否","是","否","否","否","否","否","否","否","否","否","否","否","否","否","否","否","否","否","否","否","否","否","否",82,1,"否","否","否","是","否","否","否",8.7224171414275,3
"144","乡村蓝调","双鱼脆脆",1474675200,"<b>介绍：</b>其实这个蓝调专辑不是我一贯喜欢的风格，只为弄清楚乡村蓝调到底有什么特征，我的结论很简单粗暴：一个地道的乡村嗓<br>",1552,41,1,0,"[""蓝调""]",7401,9,146,4,"否","否","否","否","否","否","否","否","否","否","否","否","否","否","否","否","否","否","否","否","否","否","否",68,"否","否","否","是","否","是","否","是","否","否","否","否","否","否","否","否","否","否","否","否","否","否","否","否","否","否","否","否","否","否","否","否","否","否","否","否",30,0,"是","否","否","否","是","否","否",7.34729970074316,3
"145","逍遥骑士","蛋蛋拌疼疼",1466726400,"<b>介绍：</b>略<br>",477,22,1,3,"[""影视原声""]",2002,9,103,4,"否","否","否","否","否","否","否","否","否","否","否","否","否","否","否","否","否","否","否","否","否","否","否",15,"否","否","否","否","否","否","否","否","否","否","否","否","否","否","否","否","否","否","否","否","否","否","否","否","否","否","否","否","否","否","否","是","否","否","否","否",28,0,"是","否","否","否","是","否","否",6.16751649088834,3
"146","旋风管家1","ys-l",1401840000,"<b>介绍：</b>旋风管家1<br>",9188,325,4,3,"[""日语"",""ACG""]",1195,7,138,5,"否","否","否","否","否","否","否","否","否","否","否","否","否","否","否","否","否","否","否","否","否","否","否",19,"否","否","否","否","否","否","否","否","否","否","否","否","否","否","否","否","否","否","否","否","是","是","否","否","否","否","否","否","否","否","否","否","否","否","否","否",10,0,"是","否","否","否","是","否","否",9.12565356380899,3
"147","牙买加雷鬼","爵士当铺",1438128000,"<b>介绍：</b>牙买加是加勒比海中最着名的岛屿之一，这都得要感谢其世界着名的海滩、名胜、阳光、莱姆酒，当然还有它的雷鬼音乐。亚买加的雷鬼音乐是二十世纪最有影响力的音乐之一，热情的音乐、强烈的节奏、自由的风格，绝对是一张解放你束缚已久心灵的音乐。让我们随着雷鬼音乐轻快的节奏摆动吧！<br>",4904,95,1,1,"[""旅行"",""雷鬼"",""世界音乐""]",9461,9,83,5,"否","否","否","否","否","否","否","否","否","否","否","否","否","否","否","否","否","否","否","否","否","否","否",146,"否","是","否","否","否","否","否","是","否","否","否","否","否","是","否","否","否","否","否","否","否","否","否","否","否","否","否","否","否","否","否","否","否","否","否","否",11,0,"是","是","否","否","是","是","否",8.49780647761605,3
"148","一 瓶 入 梦","Aloha阿罗哈",1492387200,"<b>介绍：</b>有些音乐 只有细细品尝<br>才能尝出其中的味道 就像品茶一样<br>每一首都是精品<br>风格由轻入重<br>由清新到激情<br>一瓶星辰掷入梦<br>打开列表循环 尽情享受吧<br>(不定期更新)<br>",10906,256,15,13,"[""电子"",""旅行"",""清新""]",7059,8,21,7,"否","否","否","否","否","否","否","否","否","否","否","否","否","否","否","否","否","否","否","否","否","否","否",114,"否","是","否","否","否","否","否","是","否","否","是","否","否","否","否","否","否","否","否","是","否","否","否","否","否","否","否","否","否","否","否","否","否","否","否","否",15,0,"是","否","否","否","是","否","否",9.29706837548601,3
"149","以色列民乐","爵士当铺",1438214400,"<b>介绍：</b>收录以色列当代歌曲。舒缓的歌曲讲述的是对音乐与和平的热爱。一起来从这沙发音乐里感受以色列的文化吧。<br>",2090,65,1,0,"[""世界音乐"",""孤独""]",9461,9,83,5,"否","否","否","否","否","否","否","否","否","否","否","否","否","否","否","否","否","否","否","否","否","否","否",63,"否","是","是","否","否","否","否","否","否","否","否","否","是","否","否","否","否","否","否","否","否","否","否","否","否","否","否","否","否","否","否","否","否","否","否","否",12,0,"是","是","否","否","是","是","否",7.64491934495886,3
"150","意大利咖啡馆","爵士当铺",1438041600,"<b>介绍：</b>收录上世纪五六十年代以及当代意大利音乐，意大利南部咖啡馆氛围。<br>",3445,118,4,2,"[""旅行"",""世界音乐"",""放松""]",9461,9,83,6,"否","否","否","否","否","否","否","否","否","否","否","否","否","否","否","否","否","否","否","否","否","否","否",45,"否","是","否","否","否","否","否","否","否","否","否","否","是","否","否","否","否","否","否","否","否","否","否","否","否","否","否","否","否","否","否","否","否","否","否","否",12,0,"是","是","否","否","是","是","否",8.14467918344776,3
"151","英伦摇滚-大不列颠的优雅与不羁","双鱼脆脆",1475884800,"<b>介绍：</b>向英国摇滚致敬，因为他们让流行音乐成功摆脱了blues和美国村味。<br><br>收录60～90年代英国摇滚乐队和歌手，基本按乐队成立年代排序。第一首以纯音版Yesterday纪念披头士，其他遗漏的慢慢添加。<br><br>封面说明：著名的英国匿名涂鸦艺术家班克斯的街头涂鸦作品。<br>",1817,78,1,1,"[""摇滚""]",7401,9,146,15,"否","否","是","否","否","是","否","否","否","否","否","否","否","否","否","否","否","否","否","否","否","否","否",154,"否","是","否","否","是","否","是","否","否","否","否","否","是","否","否","否","否","否","否","否","否","否","否","否","否","否","否","否","否","否","否","否","否","否","否","是",77,3,"是","否","否","否","是","否","否",7.50494206839617,3
"152","悠然小天幸运方块大冒险BGM","陈小新陈老师",1470614400,"<b>介绍：</b>悠然小天幸运方块用过的bgm<br>",2825,68,2,26,"[""韩语"",""电子"",""游戏""]",12,7,27,14,"是","否","是","否","否","否","否","否","否","是","否","否","否","否","否","否","否","否","否","否","否","否","否",28,"否","否","否","否","否","否","否","否","否","否","否","否","否","否","否","否","否","否","否","是","否","否","否","否","否","否","否","否","是","否","否","否","否","否","否","否",6,1,"否","否","否","是","否","否","否",7.94626364358054,3
"153","月色如水 思绪如雾","时间某处",1422576000,"<b>介绍：</b>像今晚上，一个人在这苍茫的月色下，什么都可以想，什么都可以不想，便觉是个自由的人。 ——朱自清《荷塘月色》<br>",6672,168,7,3,"[""古典""]",18754,9,168,9,"否","否","否","否","否","否","否","否","否","否","否","否","否","否","否","否","否","否","否","否","否","否","否",67,"否","否","否","否","否","否","否","否","否","否","否","否","否","否","否","否","否","否","否","否","否","否","否","否","否","否","否","否","否","否","否","否","否","否","否","否",22,0,"是","否","否","否","是","否","否",8.80567494403858,3
"154","支撑我画画的精神粮食","恣丶华仙",1461283200,"[无简介]",16332,176,4,10,"[""学习"",""工作""]",18,8,22,10,"否","否","否","否","否","否","否","否","否","否","否","否","否","否","否","否","否","否","否","否","否","否","否",0,"否","否","否","否","否","否","否","否","否","否","否","否","否","否","否","否","否","否","否","否","否","否","否","否","否","否","否","否","否","否","否","否","否","否","否","否",342,143,"否","否","否","是","否","否","否",9.70088165243947,3
"155","只有神知道的世界角色歌-精选","史莱姆骑士",1402704000,"<b>介绍：</b>只有神知道的世界角色歌整理，大部分比较好听的都有了，建议从上往下听。不得不说这真是部业界良心(不缺钱)的动漫。角色歌那么多。<br>",5315,172,1,7,"[""日语"",""校园"",""ACG""]",8227,10,200,14,"否","否","否","否","否","否","是","是","否","否","否","否","是","是","否","否","否","否","否","否","否","否","否",76,"否","否","否","否","否","否","否","否","否","否","否","否","否","否","是","否","否","否","否","否","是","是","否","否","否","否","否","否","否","否","否","否","否","否","否","否",111,3,"是","否","否","否","是","否","否",8.57828829077605,3
"156","祝你永遠孤獨","本日休業",1456099200,"<b>介绍：</b>别收藏了 又不是真的喜欢 又不是真的孤独<br>",10910,269,6,19,"[""另类/独立""]",249,8,20,6,"否","否","否","否","否","否","否","否","否","否","否","否","否","否","否","否","否","否","否","否","否","否","否",34,"否","否","否","是","否","否","否","否","否","否","否","否","否","否","否","否","否","否","否","否","否","否","否","否","否","否","否","否","否","是","是","否","否","否","否","否",678,11,"否","否","否","是","否","否","否",9.29743507882712,3
"157","最喜欢的法国爵士歌手-zaz","双鱼脆脆",1435190400,"<b>介绍：</b>最爱的法国爵士歌手，Zaz，被称为具着“爵士的颤抖”嗓音。她的音乐受到爵士第一夫人Ella Fitzgerald以及拉丁美洲音乐的影响，别有一番风情。<br><br>大爱她性感、沙哑却又如小号般明亮的嗓子，集香颂、爵士和Swing风格于一身，mv中可欣赏到她的随性奔放的表演<br><br>2012年首发专辑即成为双白金销量，曾是作品在国外播放次数最多的法国艺术家。<br>",3031,96,1,0,"[""爵士"",""小语种""]",7401,9,146,14,"是","否","否","否","否","否","是","是","否","否","否","是","否","否","否","否","否","否","否","否","否","否","否",197,"否","是","否","否","否","是","是","是","否","否","否","否","否","否","否","否","否","否","否","否","否","否","否","否","否","否","否","否","否","否","否","否","否","否","否","否",26,0,"是","否","否","否","是","否","否",8.0166478770578,3
"158","Aonua 来自南太平洋的音乐","幻Olina",1489363200,"<b>介绍：</b>一个是音乐合作从南太平洋岛屿新西兰包括毛利歌手大社和作曲家/制作人malcolm smith。AONUA的音乐是一种原始的波利尼西亚乐器交融，歌唱和本地的野生动物，和当代的声音将听众带到一个美丽的南太平洋体验的目的。音乐中时而引吭高歌，时而浅吟低唱，终是千回百转思心更长..........源自美丽的南太平洋岛国的毛利语音乐，别样风情，开启别样的听觉盛宴。<br><br>听AONUA音乐被描述为精神和愈合。AONUA的歌词是写在毛利语和英语的语言，所以听众可以听到美丽的毛利语同时还了解歌曲的意义。AONUA主唱太沙Karanga毛利马尔科姆史密斯AONUA作曲家制作人。<br>",536,23,6,3,"[""世界音乐"",""New Age"",""浪漫""]",3271,8,734,15,"是","否","否","否","否","否","否","否","否","否","否","否","否","否","否","否","否","否","否","否","否","否","否",301,"否","是","是","否","否","否","是","否","否","否","否","否","否","否","否","否","否","否","否","否","否","否","否","否","否","否","否","否","否","否","否","否","否","否","否","否",15,0,"是","否","否","否","是","否","否",6.2841341610708,3
"159","Armik 弗朗门戈吉他大师 Flamenco Guitar","AnitaZzz",1456358400,"<b>介绍：</b>弗朗门歌吉是一种具有典型西班牙民族特色的吉他种类，风格较为粗犷，外观上看，弗朗门歌吉他与古典吉他并无区别，但其制作所用材料与古典吉他大不相同。琴弦的技术高度，面板的松紧要求也完全不同，真正的弗朗门歌吉他在我国可以说见不到，我国极少数弹弗朗门歌吉他的人，大多是用古典吉他代替。<br>Armik 阿米克为当代最杰出的新弗朗门戈吉他大师，他出生在伊朗，但祖籍是亚美尼亚。Armik的音乐融合了拉丁-吉普赛-爵士元素而形成他独特的风格，在热情洋溢的佛朗明哥节奏中，仍然带着一些细腻的伤感与脆弱的情丝。他的音乐让你神游在无国界的香格里拉乐园中，浑然忘我。1975年 Armik 阿米克 录制了第一个专辑《Faramarz Aslani》获得成功，1981年到美国寻求发展，并在那里发表了《Rain Dancer》和《Gypsy Flame》等专辑，被人们视为他极大的成功，也奠定了他自己独有的风格。后来的岁月里，Armik 阿米克 可谓顺风顺水，全球唱片销量累计过千万张、多次荣登Billboard新世纪音乐排行榜，成为当代最杰出的新弗拉门戈吉他大师之一。<br>",13400,394,11,5,"[""拉丁"",""浪漫"",""快乐""]",800,9,931,30,"是","否","否","否","是","否","否","否","否","否","否","否","否","否","否","否","否","否","否","否","否","否","否",488,"否","是","否","否","否","是","否","是","否","否","否","否","否","是","否","否","否","否","否","否","否","否","否","否","否","否","否","否","否","否","否","否","否","否","否","否",58,0,"否","否","是","否","否","否","是",9.503009985939,3
"160","Benom guruhi","FarruxXamrayev-Official",1496880000,"<b>介绍：</b>Men judayam yohshi k'oradigan benom guruhi..... silarni sevaman sarvar va komil<br>",134,8,7,0,"[""流行"",""夜晚"",""思念""]",68,6,7,12,"是","否","否","否","否","否","否","否","否","否","否","否","否","否","否","否","否","否","否","否","否","否","否",93,"否","否","否","否","否","否","否","否","否","否","否","否","否","否","否","否","否","是","否","否","否","否","否","否","否","否","否","否","否","否","否","否","否","否","否","否",14,0,"否","否","否","是","否","否","否",4.89783979995091,3
"161","Chillout 深谧之道","Aloha阿罗哈",1496793600,"<b>介绍：</b>时时勤拂拭，莫使有尘埃<br>身是菩提树，心如明镜台。<br>时时勤拂拭，勿使惹尘埃。<br>神秘 静谧地<br>缓缓坠入梦的深渊<br>宁静的回响带来最好的感受<br>勿忘收藏！<br>（不定期更新）<br>",1456,63,5,2,"[""电子"",""夜晚"",""安静""]",7059,8,21,13,"是","否","否","否","否","否","否","否","否","否","否","否","否","否","否","否","否","否","否","否","否","否","否",115,"否","否","否","否","否","否","否","否","否","否","是","否","否","否","否","否","否","否","否","是","否","否","否","否","否","否","否","否","否","否","否","否","否","否","否","否",21,1,"是","否","否","否","是","否","否",7.28344822875663,3
"162","Christophe Goze 法国~世界爵士音乐家","随风入梦69",1406419200,"<b>介绍：</b>Christophe Goze 生于法国的加泰隆尼亚的一个音乐世家，从小就开始接受父亲的音乐教育，4岁学钢琴，9岁学吉他，显示出杰出的音乐天赋。他的加泰隆尼亚血统使他的音乐创作和吉他演奏风格洋溢着一种西班牙情调.厚实沉淀出让人惊异的创作爆发力，成为一位领先的未来世界爵士音乐家。<br>",3190,78,10,7,"[""欧美"",""爵士"",""世界音乐""]",5815,8,1000,26,"是","否","否","否","否","否","否","是","否","否","否","是","是","否","否","否","否","否","否","否","否","否","否",153,"否","是","否","否","否","否","否","是","否","否","否","否","否","否","否","否","是","否","否","否","否","否","否","否","否","否","否","否","否","否","否","否","否","否","否","否",50,1,"是","否","否","否","是","否","否",8.06777619577889,3
"163","Club Muse?光谷店/今晚你蹦迪了吗","shikEkk-",1488672000,"[无简介]",6286,120,7,1,"[""欧美"",""电子"",""酒吧""]",776,9,15,21,"是","否","否","否","否","否","否","否","否","否","否","否","否","否","否","否","否","否","否","否","否","否","否",0,"否","否","否","否","否","否","否","否","否","否","否","否","否","否","否","否","是","否","否","是","否","否","否","否","否","否","否","否","否","否","否","否","否","否","否","否",51,2,"否","否","是","否","否","否","是",8.74608021735751,3
"164","Dream Away 沉寂之踪","Aloha阿罗哈",1495411200,"<b>介绍：</b>睡意朦胧<br>",2842,124,7,7,"[""夜晚"",""放松"",""安静""]",7059,8,21,15,"是","否","否","否","否","否","否","否","否","否","否","否","否","否","否","否","否","否","否","否","否","否","否",18,"否","否","否","否","否","否","否","否","否","否","否","否","否","否","否","否","否","否","否","否","否","否","否","否","否","否","否","否","否","否","否","否","否","否","否","否",25,0,"是","否","否","否","是","否","否",7.95226330865705,3
"165","EDM TRAP","大叶子Elly",1470096000,"[无简介]",3925,17,4,0,"[""电子"",""舞曲"",""酒吧""]",60,7,3,8,"是","否","否","否","否","否","否","否","否","否","否","否","否","否","否","否","否","否","否","否","否","否","否",0,"否","否","否","否","否","否","否","否","否","否","否","否","否","否","否","否","否","否","否","是","否","否","否","否","否","否","否","否","否","否","否","否","否","否","否","否",417,26,"否","否","否","是","否","否","否",8.27512163021651,3
"166","EDM Trap 幻惑之道","Aloha阿罗哈",1496793600,"<b>介绍：</b>收录一些不错的trap<br>美滋滋<br>不定期更新<br>",1296,58,4,2,"[""电子"",""兴奋"",""运动""]",7059,8,21,13,"是","否","否","否","否","否","否","否","否","否","否","否","否","否","否","否","否","否","否","否","否","否","否",41,"否","否","否","否","否","否","否","否","否","否","是","否","是","否","否","否","否","否","否","是","否","否","否","否","否","否","否","是","否","否","否","否","否","否","否","否",24,1,"是","否","否","否","是","否","否",7.16703787691222,3
"167","EDM Trap│躁动制造│","是枪还是子弹",1443312000,"[无简介]",2921,27,1,2,"[""电子"",""舞曲"",""兴奋""]",17,9,10,14,"是","否","否","否","否","否","否","否","否","否","否","否","否","否","否","否","否","否","否","否","否","否","否",0,"否","否","否","否","否","否","否","否","否","否","否","否","否","否","否","否","否","否","否","是","否","否","否","否","否","否","否","是","否","否","否","否","否","否","否","否",380,7,"否","否","否","是","否","否","否",7.97968130238774,3
"168","Esther Ofarim 以色列天籁","-像一阵风---",1398988800,"<b>介绍：</b>以色列犹太裔女歌手伊斯特·奥法林，自1970年起她就是音响发烧友的梦中情人凡男性听到了她的嗓子，就想向她求婚；她的歌声太美了太亲切了。”假如你没有听过她的歌，那你赶紧找一张回家听听，说不定还会写情书给她。这张被誉为二十世纪最佳女声天碟之一的专辑1972年由德国ART唱片公司录制。<br>",8604,213,7,2,"[""小语种"",""民谣"",""安静""]",1357,9,175,19,"是","否","否","否","否","否","否","否","否","否","否","否","否","否","否","否","否","否","否","否","否","否","否",154,"否","否","否","否","否","是","是","否","否","否","否","否","否","否","否","否","否","否","否","否","否","否","否","否","否","否","否","否","否","否","否","否","否","否","否","否",24,0,"是","否","否","否","是","否","否",9.05998249038762,3
"169","farewell","-洗濯船-",1486771200,"<b>介绍：</b>今天是2017年2月11日，农历正月十五，元宵节。<br>本人学生党，过了今天，我江进行初三下学期的修炼(笑)想想三年前什么都不懂到今天变成死宅(笑)真是感慨万千。<br>之后半年，也许我不会活跃了，等到中考考完，我们在一起嗨(滑稽)<br>这个歌单，也算我的暂别作了。。。<br>下面简单介绍一下这个歌单:本歌单加上写这段话总共半小时左右，所以不要对歌单排班抱有期待(笑)但歌的质量总体还不错。这个歌单的歌风格多变因为我涉猎广泛(滑稽)大多是东方歌曲，有纯音乐也有人声，但没有特别诡异的风格(比如碾核)大多是霓虹ACG作品。<br>如果你们给我+1s我说不定会做更多歌单哦(滑稽)<br>最后祝你，身体健康(笑)<br>",49,5,1,1,"[""日语"",""流行"",""学习""]",109,7,10,8,"是","否","否","否","否","否","否","否","否","否","否","否","否","否","否","否","否","否","否","否","否","否","否",321,"是","是","是","否","否","否","否","是","否","否","否","否","否","否","否","否","否","是","否","否","否","是","否","否","否","否","否","否","否","否","否","否","否","否","否","否",75,5,"否","否","否","是","否","否","否",3.89182029811063,3
"170","Farrux Xamrayev Orginal","FarruxXamrayevOfficial",1491523200,"<b>介绍：</b>我才开始玩网易云音乐了！才知道这个音乐平台真么好，希望大家支持！我的最新歌曲都在歌单里，喜欢收藏一下，谢谢大家！<br>",11905,170,3,5,"[""流行""]",8290,6,17,23,"是","否","否","否","否","否","否","否","否","否","否","否","否","否","否","否","否","否","否","否","否","否","否",70,"是","是","是","是","否","否","否","否","否","否","否","否","否","否","否","否","否","是","否","否","否","否","否","否","否","否","否","否","否","否","否","否","否","否","否","否",45,0,"否","否","是","否","否","否","是",9.38471375892096,3
"171","Favorites ?","--唯爱",1484352000,"[无简介]",1603,10,3,0,"[""欧美"",""流行""]",2366,9,20,11,"是","否","否","否","否","否","否","否","否","否","否","否","否","否","否","否","否","否","否","否","否","否","否",0,"否","否","否","否","否","否","否","否","否","否","否","否","否","否","否","否","是","是","否","否","否","否","否","否","否","否","否","否","否","否","否","否","否","否","否","否",35,16,"否","否","否","是","否","否","否",7.37963215260955,3
"172","Feast For Lotus Land~Vol.Riverside","凛然薾华",1489276800,"<b>介绍：</b>东方同人社团 Riverside 民族风曲目选收<br>毫不避讳 这个社团的优秀作品 完全可以称作 “Masterpiece”<br>珍宝不应该被埋没<br>前19曲 皆为歌姬秣本瑳羅所演唱曲目 其后均为纯音乐<br>社团Riverside参展博丽神社例大祭14 5月7日 编号え08b<br>",410,27,8,2,"[""日语"",""民族""]",168,8,12,34,"是","否","否","否","否","否","否","否","否","否","否","否","否","否","否","否","否","否","否","否","否","否","否",157,"否","是","否","否","否","否","否","否","否","否","否","否","否","否","否","否","否","否","否","否","否","是","否","否","否","否","否","否","否","否","否","否","是","否","否","否",36,0,"否","否","否","是","否","否","否",6.01615715969835,3
"173","FNAF SFM","ONE_TERRIBLE_NIGHT",1471478400,"<b>介绍：</b>【FNAF SFM】 Take you to the FNAF world<br><br>With some thinking machine toys to spend a happy and horrible time<br><br>They invite you to join them<br><br>Do you agree?<br><br>Whether you disagree or not<br><br>You will be<br><br>In the hands of the machine hunter<br>dead<br><br>Do you think this is where?<br><br>Can you spend five nights here?<br><br>Impossible!<br><br>This is not the last chapter!<br><br>This is not real!<br><br>This is a dream<br><br>Is full of dangerous dreams<br><br>You know everything<br><br>You see everything<br><br>Just wonderland<br><br>Just dreaming<br><br>You will never wake up!<br><br>This is not Disney's dream!<br><br>Will you dream of sweet or lost your life?<br><br>You can run away<br><br>Leave here<br><br>Never turn back<br><br>But you never<br><br>YOU ARE IN A DREAM!<br>",3593,64,1,7,"[""欧美"",""流行"",""游戏""]",12,6,13,8,"是","否","否","否","否","否","否","否","否","否","否","否","否","否","否","否","否","否","否","否","否","否","否",825,"否","否","否","否","否","否","否","否","否","否","否","否","否","否","否","否","是","是","否","否","否","否","否","否","否","否","否","否","是","否","否","否","否","否","否","否",45,7,"否","否","否","是","否","否","否",8.18674278711352,3
"174","Future House 粲焕之道","Aloha阿罗哈",1495929600,"<b>介绍：</b>嚄！就是想跳起来啦<br>就是跳一点啦<br>人声 与电音的致融<br>精心收集的歌曲<br>只为带给大家极致的享受<br>勿忘收藏！<br>(持续更新 持续更新 不定期)<br>",1628,88,1,8,"[""电子"",""运动"",""兴奋""]",7059,8,21,17,"是","否","否","否","否","否","否","否","否","否","否","否","否","否","否","否","否","否","否","否","否","否","否",100,"否","否","是","否","否","否","否","否","否","否","是","否","否","否","否","是","否","否","否","是","否","否","否","否","否","否","否","是","否","否","否","否","否","否","否","否",11,0,"是","否","否","否","是","否","否",7.39510754656249,3
"175","HipHop Producer-Nic Nac","EmBanks_Arman",1448928000,"<b>介绍：</b>Nic Nac原名 Nicholas Balding，来自加利福尼亚州的埃尔塞里托的一名音乐制作人。他为 Starting Six, Go Dav, Pia Mia, Chris Brown, Ty Dolla $ign在内的众多歌手制作了专辑和打榜歌曲，大部分人了解他是从Chris Brown的《Loyal》开始。<br>",9364,326,7,9,"[""欧美"",""说唱"",""酒吧""]",12421,9,105,23,"是","否","否","否","否","否","否","否","否","否","否","否","否","否","否","否","否","否","否","否","否","否","否",173,"否","是","是","否","否","是","是","否","否","否","否","否","否","否","否","否","是","否","否","否","否","否","否","否","否","否","否","否","否","否","否","否","否","否","否","否",32,0,"是","否","否","否","是","否","否",9.1446278286108,3
"176","Jazz 慢摇","管了个饼",1417564800,"<b>介绍：</b>夜雾迷蒙中慢慢摇<br>",13913,117,1,8,"[""爵士"",""R&amp;B/Soul"",""蓝调""]",29,8,30,7,"是","否","否","否","否","否","否","否","否","否","否","否","否","否","否","否","否","否","否","否","否","否","否",22,"否","否","否","否","否","否","否","否","否","否","否","否","否","否","否","否","否","否","否","否","否","否","否","否","否","否","否","否","否","否","否","否","否","否","否","否",102,9,"否","否","否","是","否","否","否",9.54057893384188,3
"177","JOJO MMD/MAD/手书 bgm","今天的迪亚波罗死了吗",1471305600,"<b>介绍：</b>封面 p站id=549877<br><br>给我看过来这边啊~！（枯萎穿心炸弹语气<br>↓↓↓↓↓↓↓↓↓↓↓↓<br>自己收理一下看过的b站非常棒非常喜欢的JOJO同人相关的非常棒非常喜欢的bgm（<br><br>(av859607【合作】JOJO的奇妙旅绘卷<br>使用bgm总52首不好总结出来...所以去看看吧w)<br><br>顺带一提几首目前没在网易云上找到的<br><br>①av467730 DIO之歌什么的到底是什么...好耳熟找不出来啊wwww<br>似乎是日本一家叫dio的超市的歌..._(:_」∠)_<br><br>②私の同僚が ビキニ? スポーツ?ポンチン(Bikini Sports Ponchin)<br>在百度上就能搜到，mv也是十分猎奇……<br>b站 av1092560 ( MMD 正篇入DIO教前的神奇小广告..<br><br>③Y·O·U Low Tension Girl ( 找到了但是版本不对_(:_」∠)_想要的版本是和柴呋幸合唱的<br>お?の?れローテンションガール<br>b站 av584657 ( 手书 迪亚哥xHP 超可爱！！<br>",7882,146,1,28,"[""ACG""]",45,7,11,19,"是","否","否","否","否","否","否","否","否","否","否","否","否","否","否","否","否","否","否","否","否","否","否",508,"否","否","否","是","是","否","否","否","否","否","否","否","否","否","否","否","否","否","否","否","是","否","否","否","否","否","否","否","否","否","否","否","否","否","否","否",157,24,"否","否","否","是","否","否","否",8.97233695775495,3
"178","Kheops 新世纪氛围音乐艺术家","幻Olina",1485820800,"<b>介绍：</b>Kheops是一位音乐艺术家，做有专辑《Balkans》。Kheops 是由 Aril Laury 与 Timothy Hagelstein 所主导，结合艺术、音乐、与世界各国的歌手与乐手的音乐团体。Aril Laury 负责词曲、编曲、声音演出。Timothy Hagelstein 负责混音及后期制作。<br>Chill Out应该怎样翻译这个词呢？大概就是放松、休闲之意吧。Chill Out是一种含有强烈环境音乐（Ambient）元素的电子音乐，往往节奏较为舒缓，常常运用飘渺虚幻的电子音效，将人带进一个无边无际的想象空间；另一方面， Chill Out的音乐特点是优美女声的运用，配搭上音乐本身的放松风格，营造一种舒缓释放的情境，抑或带点淡淡哀伤的人声吟唱，让人得到另一种悠然的感受。 <br><br>Chill Out更注重旋律性而不是强力的节奏。除了冷静、放松、平实的特点之外，Chill Out也往往带有迷幻色彩。正因为这种融奔放、内敛于一体的调性和本身模糊而放松的风格Chill Out总能勾起人们心中安静、自然、淡然、原始、真实自我的一面。 让人渐渐地、不知不觉地融入音乐所营造的气氛情境中。<br><br>这首“armenian song”正是《神奇的地球》的插曲，kheops 是由 aril laury 与 timothy hagelstein 所主导，结合艺术、音乐、与世界各国的歌手与乐手的音乐团体。aril laury 负责词曲、编曲、声音演出。timothy hagelstein 负责混音及后期制作。“balkans”的确是新世纪乐迷值得一听的。<br><br>",418,20,6,1,"[""电子"",""New Age"",""放松""]",3271,8,734,17,"是","否","否","否","否","否","否","否","否","否","否","否","否","否","否","否","否","否","否","否","否","否","否",709,"否","是","否","否","否","是","是","是","否","否","否","是","否","是","否","否","否","否","否","是","否","否","否","否","否","否","否","否","否","否","否","否","否","否","否","否",50,0,"是","否","否","否","是","否","否",6.03548143252476,3
"179","Nana Mouskouri希腊歌后","珠疯",1388188800,"<b>介绍：</b>希腊歌后<br>",1805,65,3,6,"[""小语种"",""世界音乐"",""治愈""]",3715,10,169,18,"是","否","否","否","否","否","否","否","否","否","否","否","否","否","否","否","否","否","否","否","否","否","否",18,"否","否","否","否","否","否","否","否","否","否","否","否","否","否","否","否","否","否","否","否","否","否","否","否","否","否","是","否","否","否","否","否","否","否","否","否",95,0,"是","否","否","否","是","否","否",7.49831587076698,3
"180","Progressive House 缱绻之道","Aloha阿罗哈",1494374400,"<b>介绍：</b>前卫浩室通常应用于盛大的电子音乐节，它可以起到非常好的现场带气氛作用，它是一种旋律至上的电子音乐风格，并且是循序渐进地，是一种非常易于区分与受待见的电子音乐风格。（若歌单里有单曲不是progressive house的，欢迎指出，单主会尽快处理，慢工出细活，缓慢更新，不定期）<br>",1901,99,13,6,"[""电子"",""旅行"",""兴奋""]",7059,8,21,22,"是","否","否","否","否","否","否","否","否","否","否","否","否","否","否","否","否","否","否","否","否","否","否",152,"是","是","否","否","否","否","否","是","否","否","是","是","否","否","否","否","否","否","否","是","否","否","否","否","否","否","否","是","否","否","否","否","否","否","否","否",33,1,"是","否","否","否","是","否","否",7.55013534248843,3
"181","Ragtime-爵士钢琴1.0时代","双鱼脆脆",1479340800,"<b>介绍：</b>雷格泰姆（Ragtime）。 Ragtime 音乐， 不是爵士乐。Ragtime是影响20世纪初在New Orleans成型的Dixieland Jazz的几种音乐之一。<br>风行：1897-1918。1917年爵士乐兴起，取代了Ragtime的地位。<br>40，50，70年代曾经历复兴期。<br>特徵：切分音节奏 （Syncopated Rhythm）<br>源於：受美式进行曲(John Philip Sousa)与当时非裔美国人传统音乐影响。<br>人物：Ernest Hogan，Scott Joplin, Jelly Roll Morton<br>",372,19,1,0,"[""放松""]",7401,9,146,17,"是","否","否","否","是","否","否","否","否","否","否","是","否","否","否","否","否","否","否","否","否","否","否",292,"否","是","否","否","否","否","否","否","否","否","否","否","否","是","否","否","否","否","否","否","否","否","否","否","否","否","否","否","否","否","否","否","否","否","否","否",17,0,"是","否","否","否","是","否","否",5.91889385427315,3
"182","Real Music iRelax之降噪","客行云乐",1406937600,"[无简介]",3732,133,2,6,"[""轻音乐"",""清新"",""安静""]",9273,10,611,20,"是","否","否","否","否","否","否","否","否","否","否","否","否","否","否","否","否","否","否","否","否","否","否",0,"否","否","否","否","否","否","否","否","否","否","否","否","否","否","否","否","否","否","否","否","否","否","否","是","否","否","否","否","否","否","否","否","否","否","否","否",62,0,"否","否","否","是","否","否","否",8.22469956196723,3
"183","Seal 英国著名歌手","幻Olina",1451260800,"<b>介绍：</b>席尔英文全名（Seal Henry Samuel），男，生于1963年2月19日，出生地在英国伦敦。seal是一名混血儿，父母分别是自尼日利亚人和巴西人。自上世纪90年代以来，Seal一直都是英国最受欢迎的男歌手之一，90年代中期以后，他把灵魂乐，民谣，摇滚，舞曲等不同的风格融入到自己的音乐中去，自成一派，使他不仅在英国保持了强大的号召力，而且还逐步赢得了美国音乐界的认可。<br>中文名席尔 外文名Seal Henry Samuel<br>国 籍：英国<br>星 座：水瓶座<br>出生地：英国伦敦 <br>出生日期：1963年2月19日 职 业歌手 <br>代表作品：《Seal(1994)》《Kiss From a Rose》<br>主要成就：第38届格莱美奖年度最佳唱片 <br>第38届格莱美奖年度最佳歌曲 <br>第38届格莱美奖最佳流行男歌手<br>",641,21,4,4,"[""摇滚"",""民谣"",""蓝调""]",3271,8,734,11,"是","否","否","否","否","否","否","否","否","否","否","否","否","否","否","否","否","否","否","否","否","否","否",393,"否","是","是","否","否","否","是","是","否","否","否","否","否","否","否","否","否","否","否","否","否","否","否","否","否","否","否","否","否","否","否","否","否","否","否","是",50,0,"是","否","否","否","是","否","否",6.46302945692067,3
